+train,test
-461.8435754132504,-436.989207089999
-521.958155965502,-535.2506944003458
-461.0358331227092,-472.05959518216594
-436.87581322021185,-456.16942051707184
-434.53565357729633,-427.7652297468928
-466.21633456874326,-458.661452680624
-453.84036140113085,-487.33638701842915
-461.3930845307224,-463.0913968586882
-443.1308388928623,-482.8273988398048
-472.7022666538703,-417.6606994379292
-542.5847392094358,-507.7222095570376
-436.9112872302021,-488.1035824125108
-518.1941474866794,-451.2998610900451
-446.79129873722707,-446.67909305794666
-416.1111200392912,-466.87172799068225
-549.9998734950492,-540.7253995008939
-519.7957547345089,-467.8733720591634
-438.6585496693838,-492.8191109637151
-528.0814038006552,-524.4046264115386
-492.60427132061585,-442.73483417354964
-453.5570486809512,-512.6560145323971
-438.882436518067,-467.2688411369024
-474.1914652160234,-534.754442359824
-495.4375540683507,-426.45637603592485
-389.618586683678,-468.1984428201685
-498.19200716754494,-483.9747449424594
-484.91893339451923,-504.577108082275
-466.12352121095955,-445.03089159757616
-455.9065112489667,-572.7158686695697
-441.39001526885124,-434.7635199997378
-470.95209913854137,-433.43012396324286
-435.8381353810294,-470.13671008455924
-452.2733726747034,-438.7620044564612
-498.40804088162173,-528.1105591202819
-473.99924310798485,-428.5310375491243
-501.93898641405576,-436.8137406605636
-485.31062565438526,-470.7744256924542
-472.9117286800699,-449.000469923026
-481.72240301236565,-426.90537174516857
-472.6495489791139,-469.1093679478787
-453.3646438804319,-521.1318454508563
-491.55794941965394,-479.55294642818393
-438.4359770812364,-466.9150106399688
-423.4169910375841,-473.98557958988556
-480.6573966973311,-442.8834056174115
-445.2985209560616,-457.9957381229116
-522.3063051506864,-418.4571986136759
-491.7310932640067,-435.74415220025935
-412.39365316217146,-465.40488976572465
-477.7963745588353,-414.1884011425727
-404.44382910984456,-422.5914180806507
-463.82548696881895,-426.592325768052
-493.6705858277996,-446.7001748362753
-433.23532312269975,-472.43154894584814
-467.856746094647,-488.056437473268
-458.89967255897415,-432.5418993674115
-412.9878238676931,-455.03351025352333
-461.8249799656089,-472.5609193349675
-425.3960740049875,-418.65055455489914
-546.8566662792829,-436.30825237174844
-445.0163021810642,-451.17873966703814
-423.10715234542914,-406.5874174216794
-430.67054152574576,-432.905790172423
-464.56612671186366,-425.4830247446351
-420.6490532122398,-429.5808320999711
-416.40402819354057,-377.2815221747532
-538.8211043225888,-423.29430090264907
-464.76199561593535,-478.6195092164072
-415.76282805247683,-470.09313580553527
-472.7572968119563,-449.68037315950505
-496.6953646550275,-473.989193067596
-355.3922152194787,-446.3128715993602
-385.6125012866828,-445.9613085427238
-515.4340696998839,-509.3401911100741
-407.96261202927644,-413.7809797463944
-454.71431027138703,-359.2181527859158
-454.9662838272489,-411.8069737139571
-456.3732277683898,-453.6814162044293
-465.6577408832903,-436.8507705823911
-508.886575713275,-463.03285131806916
-400.7739649381211,-481.94875904693146
-460.3927065297844,-422.9637039564775
-488.648873014974,-425.15184584642554
-432.55084419251455,-488.23426723680114
-479.6900580374418,-477.9430605633057
-520.8559113971454,-457.48510888946817
-445.42467775916316,-475.9700507660073
-456.43594192881693,-494.0128936488986
-458.7907876823389,-400.7755999700405
-384.5798075977269,-440.79464760897145
-407.4415920728747,-425.9092589119021
-424.23026678956955,-443.0071448617451
-452.66346442106004,-461.8813163736183
-350.8655968253791,-410.19992654332526
-385.25434609878636,-381.3403771133751
-468.756744373466,-397.58142271403455
-475.9960013299083,-416.3019584526701
-451.1908229226277,-423.9945636670107
-418.0062533004609,-461.45262834101436
-481.7611280367986,-461.1382885385148
-448.07192598329135,-402.913859048158
-418.25729334571923,-471.10919920417757
-474.4758965116714,-464.8974640291933
-395.5332828020782,-397.788393259538
-387.406354992174,-439.28073151297406
-383.6354868635623,-479.02198706854836
-415.9699473666215,-535.2016019967691
-434.05622449256447,-413.2784917303234
-412.9281404723202,-412.2529418936969
-438.71454129145496,-449.3600831392362
-446.51850820832607,-413.7339103858801
-443.55836275274476,-472.40886723639716
-420.0370485412387,-453.8140375448735
-462.96532201053964,-418.3726542983433
-414.8136606027601,-443.2805928748014
-423.13235950425144,-377.87663896125326
-427.78926400818466,-378.85256794826375
-396.10527410197756,-381.1668291652702
-362.4147998995192,-426.38244637659733
-369.4063573254861,-451.05944845348085
-407.4852888130969,-465.9267196083555
-413.13317014384774,-456.0108221160167
-421.22288867214655,-447.87800464428784
-428.8836933021375,-395.9035818081832
-375.9628665113928,-423.2679006706754
-433.77388506948046,-532.453168640596
-420.54450116550754,-401.8719081348501
-348.39066435309996,-403.9605826639337
-438.54601018227163,-424.32888613679955
-376.7451847050868,-382.9470738943189
-440.8120751031532,-411.4701306860743
-374.50465797277286,-436.8148114303232
-427.3721658363185,-361.77686675122925
-378.29603062618503,-386.8753115101609
-442.57333874549613,-407.86164401441437
-371.97224020137963,-386.1021854137368
-441.7418119415819,-390.79673492798184
-401.4328950978672,-427.07716392349107
-440.42878077102444,-412.0465254709727
-434.11888144488154,-387.1211949374303
-430.58868563299006,-429.47340690776446
-413.70584507528696,-387.732284630395
-373.7173519937948,-435.9339995513112
-383.6763224621615,-391.7988798094423
-445.5107951764804,-350.03049869862787
-437.7010836311472,-415.8660871010819
-394.74856084800143,-348.1819909618242
-466.4523719784591,-470.3894175353504
-430.9119383549947,-415.32949316621017
-349.4659129106581,-426.49315654238796
-413.4031154484689,-380.8385887292297
-439.8889329960071,-417.1520466927596
-406.8668901008782,-393.0028581769742
-393.14120040461955,-384.282812985915
-459.23747075014035,-434.78984475235865
-443.48604512794066,-401.6311731679886
-370.70999331567384,-419.1487597202991
-416.5912830742586,-381.3918757149124
-409.0227177868382,-444.1885028413645
-376.93281990184073,-339.5695984765737
-445.25951073802963,-416.9852434718624
-391.33543538735955,-424.679172187936
-424.180782032501,-359.4132170332104
-472.5786435092501,-459.32722584328445
-369.62813221081694,-368.60957852680326
-406.5576818780614,-402.4025963780799
-385.06973346202113,-414.6497795393367
-427.10144791997203,-413.27672807709604
-413.32562715826583,-431.46222336829425
-431.935151710204,-355.7469912730002
-374.23541447479977,-395.218754311592
-362.81214477282896,-411.79610563301327
-352.29581132516375,-413.6415778295408
-379.77632920345906,-420.9538141245562
-399.039283873234,-372.93909854131283
-417.7604254730632,-403.7202835499642
-392.7908967992681,-423.5622755405281
-450.7674995217736,-444.8472532036763
-372.06921646622874,-391.87066810255806
-390.06665382749014,-368.5678975989316
-413.4870721797497,-376.35862896616675
-358.66585487669164,-414.20805797279456
-411.6499509552079,-377.77362601291844
-418.58075767197073,-362.33391253618225
-367.02983064437876,-384.3680421697182
-395.9844209577373,-415.91955822447125
-390.22975001708704,-373.3189170954628
-383.24032477103157,-406.4468352529082
-410.4012803799523,-325.1495470190837
-441.8348450846818,-355.71627265148265
-464.53531471809464,-369.3470218942976
-399.5113812368935,-381.09023140128375
-382.8035888665936,-385.15330153623296
-341.9605055672918,-382.0262134688193
-416.9543169835518,-422.84365331186706
-448.5087458934347,-413.769903889521
-441.44934305697774,-357.1156756319909
-434.7441207690473,-365.05852352491166
-367.8754439977242,-398.4428534789704
-372.7382855057557,-432.2940791095754
-380.04765817839257,-392.8554488355061
-380.49424632774304,-385.90462669431713
-373.8572862224972,-421.695390463681
-445.6351354055977,-380.33957103754426
-382.19228904764924,-440.52572901847645
-350.19248658083495,-323.05621102767674
-366.5136709001273,-348.41726789177
-416.316782703533,-336.5209442170767
-376.4843200904964,-385.89131185857843
-326.4617425522843,-341.88260591062215
-330.57161483964614,-383.6272601704554
-370.3621521991852,-448.5852878034792
-381.5114586177054,-404.13311498340283
-366.65557713266946,-387.62082079948743
-390.8374339365621,-423.25569639167543
-345.07733087597853,-366.9116496973512
-434.01652335497056,-429.95151917945554
-428.1173777922893,-395.71086723026286
-340.74321089257364,-343.96554960482143
-429.5905718561092,-391.7432933108718
-348.10737002801284,-411.42037537065465
-351.89947708866833,-361.19396728142317
-372.84749471421856,-362.63194030023453
-379.16262228034014,-400.2825876570932
-337.30239372264555,-420.2227100977284
-421.3728601343405,-345.52764380901476
-386.7979543376952,-422.75474360656773
-378.553314729206,-386.7061628827092
-367.1095884233129,-365.2930946774613
-388.40704771909634,-393.96209312181145
-405.824070359316,-365.894889656558
-383.887951007533,-427.3202521611713
-370.4227176805868,-370.8375577454254
-364.86389038788616,-328.8311317328385
-354.51938592658234,-355.3737936255459
-333.69535167489255,-369.58258100216676
-431.41714055019503,-331.21052675810836
-358.1070727103459,-343.5425391823506
-413.04151548689475,-357.5833524509174
-326.35816833248293,-329.5305867444641
-390.03018343147437,-354.24778422041976
-313.8598662199616,-368.54635977031666
-383.9468658667747,-379.77437239102267
-341.9858150707144,-359.75218730461853
-364.5344543594822,-363.8577493858422
-379.11657187072825,-379.52369243299955
-361.42667684540623,-384.3072572796611
-378.68164721240015,-351.51312806465637
-367.56135666594275,-311.08014744344916
-389.9043940358105,-324.95279835143646
-365.9108855205262,-381.7249472956656
-325.78756697241096,-395.1425384955408
-417.467254349413,-332.88231530039104
-349.7709206515383,-348.8005446938646
-347.5392384110346,-328.1568501100329
-385.3477749352441,-308.25431063872327
-369.6364148057509,-357.61275565590466
-337.741201927806,-320.3923545698615
-349.36249101234574,-363.34585626199953
-318.49426829951244,-395.33971659206657
-366.32488580151147,-401.14831001976626
-298.4073865436494,-424.3682593744504
-358.3127541319623,-383.69761578347334
-379.9910070009754,-350.1972149111266
-368.97076466318043,-425.9890754522482
-384.19678970342176,-315.26751999740344
-321.2400285511679,-412.27342442559683
-357.75485669813366,-363.5265270136052
-376.9539538373699,-313.6008091652092
-277.4458220048204,-348.5889461887144
-387.4507751167052,-304.5551046334616
-334.98493568123024,-386.99271817803003
-362.7522266615498,-345.44814061972676
-346.7003159010168,-366.2400045696053
-367.44036910622293,-326.53654382765296
-328.5084112091381,-314.67724932034014
-334.2434319702704,-389.8620862707879
-355.8686507911612,-370.6328245253754
-390.01382671784705,-327.1547560094609
-380.03225108163804,-374.96060496386053
-356.94900826178525,-328.3794100366856
-318.2728863190419,-321.5840001517124
-340.2304461768266,-384.0634521136744
-329.6574843342248,-377.3856829972261
-352.3624344984469,-337.3362997013803
-398.29676219128913,-380.9401429348247
-359.84759681264904,-329.8649698665217
-350.7774827566663,-385.6312263189904
-355.6611421949074,-293.0282358802883
-318.75583321181404,-354.1676339766293
-398.9198436592164,-355.611283688606
-351.2365154654293,-338.0954192655164
-298.7267742026293,-362.9681519350914
-373.1116359143713,-351.92951256195465
-356.34334876766695,-324.3777637168779
-370.0235329191665,-359.8455678990567
-345.6914331553184,-367.18196343114005
-370.5430685629887,-341.08279994847027
-335.98459927837666,-336.7757100008117
-405.28174839088837,-359.22223138860636
-390.63217143410674,-349.3618161604445
-307.76269992169466,-315.91261488331907
-340.51295272081944,-319.3136269092575
-384.82134114916533,-354.26223829707067
-410.2231538356254,-331.4901650655883
-318.0403002688334,-332.65495947094695
-372.50433785685743,-306.1237773365352
-354.5815842728604,-323.69560056488666
-307.5797884291013,-310.66288283129046
-322.2371320390196,-338.63018396497796
-334.54051231237275,-379.54701033861096
-323.3943070210413,-358.78146497081946
-307.68434887613637,-304.6404322740303
-296.9453504197501,-299.4159954684382
-324.7415979216529,-309.30714693142914
-329.1148977045776,-337.4316121276591
-334.2576176030603,-374.31070638123725
-335.0001888886865,-299.2263222183671
-327.50388498778545,-330.8929728689104
-328.75198113916616,-278.93082061365305
-334.08555945388247,-373.3697536866752
-319.03895352068474,-301.8690856788653
-284.7639496440388,-328.5132360834454
-321.5338305809526,-337.90596487661634
-364.4675295329391,-326.72872313547987
-336.88666260212284,-322.67194520270596
-290.67137224474914,-320.14593071060364
-289.60523299681023,-324.84463431992435
-300.01609333200014,-343.8621303839682
-351.2851013472756,-326.70758939884564
-360.92384377768434,-315.8117142594215
-317.7471394559698,-304.16385813037624
-322.5411393613025,-300.13542742430684
-334.8148131764086,-313.11431412810384
-303.2313051470247,-370.301336708174
-354.1417391140706,-302.214725090248
-335.41592574410873,-273.55075936350653
-338.7971644438155,-329.9054634712566
-361.0428841302644,-340.01271832023104
-296.29120138827,-272.97632343771204
-292.4452094682671,-347.6104960720134
-284.9456520147077,-303.1765392803718
-355.49738150887185,-341.53654106829
-308.84456313210455,-327.27935641599146
-353.26995876544163,-310.58558357270164
-327.6287231734286,-316.8551199034932
-329.18669894176765,-320.66006584548177
-320.03602336969436,-306.1430036373246
-319.37185748288374,-324.75745594782865
-337.32904856278805,-333.93376016002946
-299.15882840012836,-329.03029101795977
-324.0477367749746,-284.6352034377855
-323.14523735224486,-307.0247322943803
-342.5600408588012,-295.32212573664
-342.2122750735829,-318.62889653910065
-276.52218366720206,-333.44876748656736
-292.7001576795509,-390.291823143816
-346.0929378468335,-309.7779763141242
-321.99459540989517,-308.4878929150053
-324.1477501054702,-319.05998096448104
-283.3226505503771,-334.4063883565328
-302.9821274793982,-336.7113515131624
-316.72582284971844,-315.6264764625177
-303.6665354282748,-336.49069321446257
-306.12795710332824,-345.20975318373127
-304.3366855464243,-279.89114991722926
-319.3377317272642,-320.85245046997494
-300.2957554109381,-309.639607568945
-291.4761925452408,-350.92207223590736
-327.3274531125472,-364.80794490721536
-294.91492278463755,-300.452267652421
-293.19953638180164,-319.26935111515513
-307.4513100606044,-284.60047206367886
-309.0873710756944,-292.50101885052055
-337.812738569097,-332.65243469777215
-295.68535673871133,-357.4241641625249
-304.4783614031563,-294.55356272882267
-321.84118895954214,-250.35830359739143
-285.07418298664743,-299.3570520345672
-301.2624529655374,-330.0508155797745
-359.64107789439436,-311.4614678285124
-269.9963440706849,-317.3274706485163
-344.1177149247687,-281.947292676722
-294.9644260047035,-311.00927600658537
-264.00768504913776,-320.5480288697476
-297.3249056726984,-304.03701136530935
-292.941998959504,-279.7796744845523
-274.7865408414264,-324.38118251087883
-306.5492872040609,-308.5169123284811
-255.25150758879383,-321.7581713585911
-267.03839407126816,-312.35782090822937
-310.33632052022267,-257.3934002054133
-293.13606377985144,-312.44573900762407
-271.63140000213724,-294.2005277929507
-269.72062338886127,-337.6845760266304
-279.7796031875196,-290.54017630917787
-291.67797374360725,-259.37433779380603
-319.65380464681726,-288.7906184303441
-309.3897313978798,-294.7193342664429
-280.05126242001836,-302.90491418063675
-324.02376369010756,-283.0003235152734
-321.5414434794429,-318.20744433217965
-284.36659626414536,-257.63662987613736
-340.15796943876967,-281.81079483659266
-272.96662648697645,-268.07020510762845
-267.77874212668826,-325.24930089010815
-265.73588174913937,-325.240398667909
-298.8653328853628,-318.02234707923463
-273.2322271583198,-294.3515388522125
-275.8709558811773,-268.9717283031414
-258.8080509980762,-276.46327418540767
-277.09470854838406,-275.8736790875652
-262.5371264229871,-287.2043517779622
-276.4414525865898,-260.74817221571107
-257.8150343336341,-313.7698617804282
-236.52942178858856,-306.33239918899153
-260.2626914693584,-237.32204811831292
-264.66656084302093,-308.86455222180876
-294.8209791661876,-285.86026213220237
-301.2301686451369,-261.973380510933
-275.26232974829867,-272.90551047395456
-330.57745875707826,-274.8335598015392
-279.19295000027097,-271.39531140210136
-255.20696234705724,-286.2488169577818
-313.20317222860143,-294.0361448386158
-273.1294243250856,-314.8803616628849
-315.39324696079683,-287.8689504111858
-270.0704987454732,-290.0736525247092
-356.2366920792256,-297.87312492525155
-279.94219431729124,-291.9832796469192
-260.5758432248198,-297.08601882509396
-306.0853118151652,-298.86166230844907
-300.81450136441885,-303.2028364018718
-315.74578368701555,-249.9090375276086
-303.7247221680937,-259.99983629611773
-284.4226962867402,-267.4090731191657
-309.84463433860225,-245.70634374786414
-298.0321073458623,-233.3833841582227
-249.31625096086842,-333.0864512086585
-277.40969328121525,-318.626812665829
-262.5876188344073,-275.3791928525155
-285.1993062324141,-270.13429444906745
-299.7493680080747,-239.70147564817248
-284.3282142254927,-261.74773164435766
-290.94766317033105,-275.98749086954405
-267.92703873128863,-307.04809599117164
-274.7899146814014,-279.1468144021693
-307.4093718526215,-282.3638477210977
-290.60507094140235,-248.22110961080708
-262.90197238989555,-306.3519854996621
-254.64651135612917,-273.60408586660975
-261.47803496072436,-284.14137788792783
-293.9586476808417,-281.7571106836372
-269.5329347176027,-238.0516352633571
-270.16139542123767,-311.1459177327718
-279.6658644448597,-297.7527314623906
-261.00864772618894,-255.8386324265586
-274.4650289765465,-255.7569561147298
-311.09907505197975,-254.63620120218744
-259.86347087557095,-273.3630593486986
-215.543575175989,-235.47653196779848
-318.7245158648199,-280.46119774678107
-269.7900900762195,-283.77904535297665
-241.74604336907692,-252.64350550541263
-316.15200451514954,-253.72951318941426
-273.52522483183935,-248.63686857715584
-306.6814159922205,-309.41265563640815
-217.89187566221864,-252.3520825032006
-223.37913662907937,-344.02251573587785
-240.30357214974086,-287.3696477254062
-276.5208899592156,-269.8099300609585
-276.7331836929337,-250.71076604001846
-280.60662205906186,-303.0453010752164
-244.31862570243342,-248.04582730474888
-253.40819567309458,-269.50118003590103
-256.37894031136,-296.2726939289225
-275.2080955705209,-242.87175350222202
-215.69574369467674,-253.7852552892412
-281.0323000835411,-286.4126123030305
-260.49066401027426,-361.1609889266407
-255.38136808038516,-258.86298824680284
-291.9795713032347,-308.21350396079066
-286.24152029639714,-269.3671976186044
-282.80873477872007,-318.0327348153535
-297.409256058799,-279.11539051898916
-272.84622856622707,-244.29369923633297
-210.54964819067845,-259.39924299689
-235.6986305542766,-267.264543925839
-267.57944115550777,-246.2687724053858
-222.27680983403144,-252.2314186974232
-280.16967841148204,-273.3108952091143
-243.10087785646277,-238.92251393519564
-299.9435970943176,-301.5722156028544
-282.8514640003411,-249.44205738071298
-272.05412709319694,-287.30638867632297
-245.74476975937384,-242.1306424543831
-301.0557335060851,-284.2184675596424
-274.39710054558066,-274.64886604469905
-255.8304405220799,-277.69340640775926
-259.5433939952078,-252.62999835242178
-260.4826687746447,-263.4389275644638
-273.67092291458926,-264.28066154489153
-288.13212457552885,-314.40274069959685
-289.99297395059585,-301.2462251502685
-253.22737736856274,-243.06056869002146
-256.9793970687487,-234.38389929029114
-257.31440638484776,-231.34767415807258
-296.90689998333437,-220.53015590284005
-252.97608141460606,-230.90696290617797
-302.6658638881128,-223.9125331330862
-215.42709353066383,-242.53656822917293
-232.78582046461457,-259.12041948884786
-241.49696692318045,-247.2340041197559
-271.29468727782125,-245.52558544485927
-311.1999745268973,-268.6969185694681
-229.85765597445913,-268.00717036681897
-234.18769462051088,-245.40099903444192
-275.79756710740367,-210.58518671012635
-245.69391587999138,-275.56054037396245
-213.75045998882075,-261.16930660945025
-234.3661600824363,-243.6015254464816
-246.49685668262617,-233.1283804956023
-254.1201968578066,-276.096604646984
-262.44533138799267,-235.3269699109623
-265.2563696084386,-261.56157393630025
-241.83414788058403,-245.01414689228554
-267.7659837264415,-259.93087797944315
-242.46701324647506,-222.25666226651322
-262.47673225575477,-234.82269694039974
-245.12264955027894,-194.63252767560954
-207.24736198504934,-284.25977114824
-257.1199343722575,-265.3850542803187
-249.47718111300088,-231.91143423638894
-231.75736507195705,-251.51145533951868
-233.77555731895265,-229.30020405579117
-249.09323157284504,-222.43039485761452
-234.63432759732117,-214.76750916528567
-212.5998771181822,-249.24545831612966
-267.6268205147327,-263.69791260054274
-242.84903649009658,-275.40710875070533
-301.9031139038518,-278.55977071966896
-279.6254033965591,-228.4491032273035
-268.3267526001692,-241.18597472794028
-238.58592627927098,-204.7978243093026
-240.78047386587662,-267.86175321288715
-252.5731231715669,-256.0282011016218
-268.24549509813215,-229.29116661456615
-249.87389495670593,-231.3943885942337
-238.79432140809337,-229.5154122510846
-213.03410376315492,-268.0140748491315
-274.0817780578575,-255.56333333764258
-203.91287122565265,-199.9526939677644
-274.93597861929214,-252.17287113730524
-246.00837050301743,-256.8143714446211
-205.2279473406505,-285.2770605752348
-250.5320469702305,-248.9524776816195
-227.7574899438791,-231.217074042881
-223.01735422669177,-262.11366818131523
-238.76898993515357,-266.77834485702067
-224.07766562605065,-260.4547886634931
-285.5129924903975,-241.5129179981404
-232.6929857165953,-196.10547004018207
-231.93115626717963,-261.3917503748688
-277.08016880959,-237.1075311754771
-236.33852762182062,-201.3186841181333
-238.55589462855522,-278.27784023243856
-307.41766727415086,-216.08482822973488
-257.37115235347585,-202.06000685501337
-218.67763457563345,-237.34539053238754
-226.70352171614076,-218.2634670322576
-246.97148372879866,-215.79389829322957
-253.5700077187355,-200.7797244615387
-213.71359675741022,-223.82025659164773
-236.66581196295488,-253.72910100162727
-214.83034657066506,-225.17258976673347
-234.41537527747897,-251.676556475169
-204.62664585092756,-221.87340826150785
-225.34749603139718,-263.9938499844441
-229.7822083787874,-248.4993695660438
-236.79346885648013,-244.00107502282327
-213.72574892321566,-273.50252685962965
-195.96346786350247,-269.410447688323
-266.27539256501797,-233.39905662671464
-235.2102339434155,-224.55595990154217
-216.37032443494715,-224.163057330059
-192.12164696099157,-253.4658317972839
-235.23945203948358,-216.30204852287017
-247.70820395603536,-239.181796959198
-178.56156892546687,-235.85601719760027
-188.9493622778668,-215.91040013649328
-247.93432088242426,-220.9981316173576
-245.07428354640308,-233.76734294582772
-202.43944320816155,-186.17273666732586
-237.3295787031179,-214.27358091813136
-260.05039045050364,-238.60200484729748
-182.34006969448245,-218.7506891979899
-214.33599407692157,-231.6948089069436
-232.44494690209797,-230.0942135551386
-230.5248792140501,-204.94715199405553
-226.5580503739428,-201.06429871778425
-243.27785473460452,-218.70661910624335
-248.24024126008075,-230.5848662070811
-244.2771069609454,-244.41342653509176
-244.36932203519493,-211.57514239101093
-228.08012893245677,-223.83338725331424
-215.0685073518463,-250.41308091997567
-193.5715580546981,-261.0682091848386
-250.6917959539863,-225.3948321931083
-246.60377772249427,-268.20355129179563
-204.72346742820963,-233.6209308198503
-216.44540102327517,-223.48561344076987
-207.24491054911934,-213.04501423754257
-199.1630715500771,-219.34312761383188
-263.56557375014665,-232.36343196315542
-204.5283970479421,-231.62016444004666
-248.53866028636472,-238.0066121029513
-231.498255293011,-237.1891983372719
-210.93969344710735,-230.48453981321813
-226.15596656943077,-240.928242798521
-206.5869101007835,-214.57486562169692
-256.8921640404801,-231.0684957113429
-202.220770732041,-197.4693973613338
-258.67794267377366,-179.1962380403906
-229.38072101085854,-199.98916638217233
-193.56609428447683,-248.1021743677905
-203.4005238932235,-188.47243311781128
-211.61752162202995,-216.9423403156863
-242.872502501518,-211.76662240545556
-203.9252541050629,-260.937933798894
-237.9598321885798,-211.12796935989635
-208.75177674263367,-270.18783448123173
-249.81570839504298,-238.93336748774772
-226.35290412974697,-219.60652527988506
-201.97210551349355,-232.7909204394666
-220.38220327463483,-244.34662165182596
-215.4720380366345,-206.25398081654632
-218.8035617658995,-225.24126975038288
-235.36328065153816,-250.2919828528555
-241.33614138535535,-221.22348623514898
-223.7358349000499,-190.76918384469235
-223.88850995429348,-242.14750470184407
-240.51445772025832,-210.25869021272817
-191.72252506133444,-247.96636030547234
-212.0974161777687,-222.52730487188668
-178.08600171077657,-212.53408366287567
-196.95131334899284,-177.44069666351743
-198.18124135303745,-225.87476775656887
-214.14655221755248,-230.34384700276846
-208.0964753714596,-233.27250314687365
-175.548454193176,-237.51995651368549
-226.86177931353748,-226.61528929501878
-198.97952177851263,-214.45611401388928
-230.799471991077,-168.2118447843077
-222.66834611983958,-201.55477840677185
-214.45459002175937,-222.26423018421082
-236.11667330940492,-189.27825867218775
-206.0746726891196,-220.7748046193188
-204.82185084333946,-192.67127045685612
-195.44077746726168,-185.5516890312724
-199.0793010438816,-224.153715931566
-235.63325386674722,-216.78228273828847
-227.0894226805778,-194.28813571251862
-196.2222214503008,-230.3346962631474
-224.58864038933984,-184.72856709428095
-209.19290883044354,-225.75200294598605
-225.79932525999607,-220.08405524902656
-251.1766606626191,-208.4325366900884
-198.1462273556895,-192.82736450512374
-208.30429886249408,-166.51307929293145
-204.696300292927,-208.5816613554509
-217.47436381611425,-217.30963331182363
-248.7122394543056,-248.6385966798525
-176.4983016810769,-177.62412228335663
-189.02259659110854,-211.47474140957323
-200.72917770051734,-179.28092851155318
-196.05980494357155,-219.62024407492035
-200.87620502184217,-234.49969340918028
-212.66987366518612,-202.63412889128685
-146.15999844233008,-231.05144180549982
-211.78755571946257,-240.48803300318247
-215.39420743605177,-221.66305243856252
-196.9722188765505,-198.05212592095708
-200.2028751404534,-243.98941224915993
-201.20309717116965,-245.35167823600452
-170.6119020571998,-195.42774791626368
-182.7530393782917,-190.4462888938619
-193.10359963756716,-191.85229581736516
-193.61193888504087,-154.8928438928068
-218.17617712383264,-196.09437580247697
-206.30872799108874,-225.73544386692186
-193.83807608775138,-238.9155756131173
-199.67108049649718,-231.04934233158627
-186.48458150391915,-171.8841876504353
-185.58443086189698,-214.78271790563824
-222.67800892563818,-186.37901045412372
-196.06619899401483,-183.25334662120898
-216.04332005332654,-203.61291507897297
-218.64635535932936,-177.12605953583878
-208.43812386299115,-157.21839959037095
-184.76986964322762,-206.35225861170733
-233.80278715609012,-180.9902560014226
-204.87489540210345,-166.06200628764174
-240.82927299189598,-204.90856472931273
-185.16461352725224,-227.07661576306583
-220.45627909668775,-187.06526433111242
-189.56896157883187,-213.64933694980286
-217.06531948576884,-189.57789547580398
-183.0538056075992,-206.4944337497334
-189.2060679637786,-205.80832903088094
-179.271758881915,-195.25265956956537
-213.31414424181722,-212.68917539521627
-177.4256344283643,-200.88276690064382
-203.454828535877,-181.29160857472465
-202.73317042135395,-227.43368232134787
-215.88554864779928,-225.57532814055506
-184.39686497285663,-204.34137473713886
-233.24464489617932,-207.79857788598824
-214.68970036891724,-196.99394500293056
-180.66708783643432,-226.8054968118824
-173.00030605079783,-204.7995431085589
-234.63060070555133,-182.45166350564241
-176.24787761090934,-198.9223535260625
-190.11285928942888,-160.41862003171593
-224.90862392778362,-216.57108270885894
-183.1300312103876,-186.1935487076239
-249.04573991224325,-196.43490182481102
-202.41080327218336,-202.3881941632134
-206.19298187632643,-197.62865344975484
-217.7128061858234,-167.74319271824663
-187.53452317729395,-212.77829305226618
-229.45177798997952,-251.05944388679916
-170.63330957532008,-202.66132045445977
-198.39639853166074,-190.81987135495476
-174.46020064330983,-191.58821266950812
-195.97776841518598,-261.04092647767357
-187.5800911699788,-210.37060802984172
-200.10669005789325,-170.70516477719187
-166.82059484577385,-190.8719358464088
-213.2571822158693,-196.00600112461845
-209.46941812956433,-182.6620243735271
-174.65065671998988,-179.01438481335325
-170.03100777440864,-197.81121293151327
-220.1584348297988,-210.90725678770124
-186.3319226362968,-227.37786352963613
-242.25083732119109,-199.09160160057436
-206.3392799471709,-202.28342114982263
-196.19587281173517,-179.70916441671818
-170.95371118024886,-170.48225616302963
-201.605291966047,-195.40504741117851
-225.33582688528807,-189.61745523251983
-164.30828013537388,-188.0463304297569
-205.94683797993986,-271.01819010247243
-198.43127396038867,-200.73841338962455
-175.25727984348376,-150.57786331868152
-208.22693912088107,-208.2832511411348
-165.08621177091428,-164.66211161998112
-188.93497201317516,-235.01017888915166
-178.02560463634944,-174.0624625687437
-190.50463344735485,-198.72337322605077
-175.95465813713093,-204.7191765795423
-203.38251219949416,-204.46459363574166
-210.92578243875647,-201.91080114983208
-159.21549074500888,-196.85601457155522
-215.43081978711186,-206.6224860923757
-169.54675296321636,-165.2681277331498
-211.96986159479823,-185.5389485182997
-214.05492859665674,-190.5773876285297
-190.55104002105412,-169.46674693136185
-171.78322198640447,-229.18376632061518
-193.2685392497954,-206.38292361236245
-190.67686533910037,-192.82170254624396
-146.95275498684708,-170.9824065503195
-190.34086461570155,-196.14350029145072
-166.85826965013655,-214.86278953953948
-168.917018964552,-227.0005202690332
-194.31776719935493,-189.3031641970741
-195.94440125859936,-185.13965767404392
-193.7451592224975,-167.09359658824047
-176.35994321994932,-177.73118360197824
-192.02494133140186,-190.45873350143515
-179.13951222425726,-161.8153423542397
-169.56044060145618,-229.83357891285206
-167.4201570476218,-173.91169761631087
-164.45870672372214,-187.61250733670067
-178.2429734772557,-173.47143746566618
-164.3321784550919,-182.5845262669226
-192.862706314727,-235.33113762808202
-158.45841614667438,-176.77181815198313
-182.87637412538479,-206.40257394456813
-194.88009019398368,-180.62345472422965
-180.4046439722218,-190.01590719685683
-175.00687281274068,-204.77470777847896
-211.9951034453497,-207.44782349678465
-168.64159549422897,-200.20954052382885
-197.7305499956502,-163.0760353904711
-176.1610159795161,-204.68383528835096
-182.78302761644414,-194.4968578509732
-239.41381745891758,-208.8645178341251
-227.5012563643555,-174.32168483290883
-194.59029990325467,-201.82115951220518
-187.71781603646127,-198.73142027318866
-194.23893396420738,-198.37911845101092
-181.7385634641711,-150.1427560156784
-184.71491677151363,-156.00688817743927
-192.72628035193665,-183.84831762528364
-179.75343793355435,-219.33908778735966
-167.83215067037295,-185.59537542147268
-153.1200358253374,-186.8235895653498
-184.20553654705236,-193.3450710981109
-231.90910167299933,-155.58201415584014
-138.1608561241591,-191.6383188289859
-193.49404458695557,-198.17851362921306
-187.63209844383687,-157.27411541922683
-197.68500141203506,-166.60801945113047
-167.52414121267955,-204.23920927725888
-165.4374579782246,-204.76218193565802
-181.44726965046598,-182.54038072911214
-170.64571299573473,-165.6929587569056
-189.427976216148,-189.6953424398815
-154.7256529862111,-168.280435165486
-147.00663299015974,-175.25665630447375
-177.89488355907025,-178.09207924169993
-179.71009190461476,-216.62714517706084
-168.258292435196,-185.05317608128175
-174.64153178347877,-205.8025212921127
-211.63510995899,-168.62703544024924
-174.01774429445405,-179.91195567535033
-166.74972987298958,-151.06089989568366
-172.9606993670691,-217.8143778492926
-154.4622797025033,-170.94090955344922
-222.3212924262893,-189.03128773839447
-183.61133171174825,-199.053280754953
-160.9448756306603,-203.05670025281648
-148.38138066215245,-205.05327951689247
-174.19686010698092,-208.4738373758391
-177.99965421701714,-196.0666366503495
-219.72458931916367,-169.59018400484405
-183.11174684073643,-207.20256929141738
-126.44428631602187,-190.83256343845048
-199.97473773076467,-201.8921416287985
-207.64176884335333,-231.96245888315045
-156.84600433390347,-191.8237665427072
-176.520418664413,-171.3790079737307
-154.59052170771642,-162.19526508799072
-179.71526316664887,-165.08073551865982
-157.2164905333278,-167.321492602051
-147.28249910463072,-183.05864573304083
-145.328945859607,-153.91857159387553
-163.28026631592812,-189.08879739518275
-141.61290449339018,-176.1636921017152
-169.5823248237411,-192.80600580849222
-179.5489944307352,-182.2402394701777
-170.86972852757822,-194.65167947528968
-191.61076311857732,-219.71421032214798
-166.46497005435685,-143.59560044236173
-182.37760985014415,-171.10778411937787
-198.43076322309213,-193.62721647133458
-174.94131540572027,-171.79736939688672
-156.55814623932937,-200.24162435758788
-215.72259507526138,-143.58430346785727
-196.40143927943433,-174.4576561026369
-185.46581399849262,-179.30687465563238
-183.295714300096,-155.50753053044048
-178.47929980528235,-182.40015321149718
-212.8606151221309,-171.0720234686524
-197.54054218519474,-179.3600650270393
-180.8482436849945,-184.88715132299836
-147.93046046062324,-191.5667336498903
-168.03325630493543,-198.24567287291634
-175.39453586349273,-186.0210709794844
-185.71274584277265,-182.39362170589544
-179.51176803821573,-172.33624494487213
-173.67388082840378,-168.13256771077224
-156.81709742213405,-171.26138214818528
-192.6889588461437,-142.72650617386563
-160.59712089579378,-158.60466865331475
-178.09891207584116,-171.85828343914724
-173.99580227689847,-163.6649440767821
-187.98053435546828,-165.7688979892175
-195.71489881433308,-177.8962324824067
-207.69769578384546,-166.93068447922036
-192.1053519072864,-166.77817430460385
-181.88937452241467,-177.6249807501298
-163.1293353119973,-173.5250450913056
-160.75486099761804,-186.50536291066203
-224.53622291583747,-157.19594890072943
-170.18518098255393,-170.4599810997533
-174.84146938107415,-182.25746838742728
-158.80891427841078,-137.80604661700372
-198.50772728887813,-202.80611488569
-151.60546234075898,-186.45172428153532
-177.24392861058095,-144.31940055153652
-167.703889643101,-211.0320559981039
-176.27761620102308,-201.600032761536
-190.18426615826974,-188.16528409698512
-166.1613523555996,-148.58233283357245
-168.45970225407365,-154.56233810854704
-171.5828920790981,-166.36736702113677
-190.37516276579728,-162.9911250976842
-193.86956736697113,-175.71887554071395
-187.47739878998476,-177.3450925002708
-153.22880159993207,-160.71172098122864
-176.4439788206017,-203.15374003521865
-197.73575123902722,-162.27315921054972
-164.3438292180894,-188.96526665871883
-163.44885632578797,-177.90459386611843
-177.67454861420669,-189.48017116443324
-188.3985913788991,-178.03178658745873
-169.43816774513627,-189.36242733381803
-188.11898665225843,-172.934650838815
-186.4197189782175,-163.6636193668476
-139.30835158428098,-209.36790809982966
-176.1498524655445,-188.87982820392568
-180.29460314787545,-172.62826281466988
-194.42136512939481,-147.78726327327882
-189.1211731335024,-172.01028402214953
-170.23317191250982,-167.1316892801165
-145.74361306592704,-160.71524076178412
-170.89969120679118,-162.01145330589776
-174.77468224156087,-176.00150257888282
-184.29438136177953,-170.39252379122948
-162.6824614496679,-167.8065546860524
-166.6270548044135,-191.72244982150778
-147.82100541651457,-159.21588794679536
-146.9925134004112,-167.22414492502745
-177.03182579827796,-165.72560539097458
-155.46688219466733,-163.85784222223498
-139.08359137042248,-155.91816918535247
-194.92504311937884,-166.4645389482159
-158.02635874361533,-187.93644275227695
-168.3776403620381,-166.67902905366125
-178.17704506217407,-144.50462064354895
-176.09463722221753,-187.09860386850283
-156.70144787342548,-140.56148495368808
-183.2558160628919,-164.77201193156057
-180.4870759858617,-166.1345137553957
-139.93792914474471,-199.33222120157077
-134.70549748348193,-151.3026190938632
-146.24496144965502,-138.11241564639593
-171.47552720937352,-127.86324474442735
-183.91636879249762,-158.9923910248158
-159.21700581766757,-195.8342867534284
-151.83730016581202,-152.7105768754157
-164.8182010899625,-171.00836981206294
-141.0969785279357,-180.70153010958953
-183.205894036262,-159.45517628572148
-178.88633072425037,-141.23583392312605
-164.0913976832143,-174.81055941663175
-179.32178750198145,-148.1665148570394
-136.85425472483746,-167.46677223406323
-176.8262846313745,-189.08929787299698
-149.05403767795562,-118.70496746364677
-167.5062558541493,-147.7072215396374
-163.2594049441655,-171.78058860325785
-184.30050697439054,-130.84989870549637
-164.751271225367,-156.71544450164498
-162.22044237698776,-134.66488049091123
-167.73025335999563,-167.7896047123366
-198.22652286273066,-155.85357434304018
-193.26090613304953,-201.60162887894387
-167.07781654126958,-127.83935618556676
-199.9121301583436,-190.02945983950457
-152.62600285353858,-196.46639079447684
-138.90319429432313,-176.3716900851867
-151.6569866219637,-147.26278021691144
-185.27136355150665,-163.37687538628458
-140.18870084002157,-123.85218927226096
-125.74214322659634,-166.9586121905896
-141.70444173560162,-137.64371422356675
-169.7804724991527,-144.0601355867736
-170.10212947951575,-139.97403678779924
-184.36009474733,-140.36118245530773
-164.77224751856937,-196.30878922332312
-167.47955170970985,-169.60765384064618
-135.37599723315498,-146.8386198866613
-158.61419528558574,-149.25695736709315
-172.5055372510104,-153.11436595367456
-158.07367004961858,-185.5218249062318
-160.85863469240357,-154.84664395449647
-162.37476047381017,-183.46549911378966
-125.16698675473349,-151.56696779680965
-172.81555094283848,-146.61236132221433
-152.63641276330844,-162.87714476479425
-171.90922994358309,-168.27836308532974
-126.34651006048897,-167.0102891245246
-155.35249856715168,-185.88389322835107
-150.68300265721086,-160.51879842901988
-165.30526397702718,-174.04836806350878
-155.92112070089814,-163.55550082136187
-145.27341348213184,-166.61058774482981
-152.8834884095591,-193.33096340669724
-159.4328265416717,-158.32994969707622
-145.48580622174214,-139.15448031345554
-150.49718716560014,-168.09650143071426
-125.76710795839948,-170.68841748830704
-147.09211317501519,-177.86838121645872
-229.49264253183998,-204.6838457457657
-183.8464658130001,-162.47617579574103
-174.57132588589542,-162.05508477548102
-169.78429892053674,-124.27957196418235
-171.9500051249202,-193.47600921532575
-182.36468291977314,-150.2672771005866
-144.46303688010624,-166.5258758715925
-146.028286923314,-185.54727014227274
-162.682386714466,-156.10873478773516
-165.11614958859306,-172.4043555934663
-186.25236401340243,-131.85174761371294
-163.59600955041614,-132.2814908634171
-168.9384129148031,-178.47126536595266
-180.45158386969672,-129.98566794987633
-203.81587129986332,-201.41485443006738
-164.78417854269603,-148.04663457056193
-162.90065600886822,-151.89471015150335
-166.5181724842015,-149.37991341306844
-136.169561884516,-161.8103956923112
-176.84496971674994,-161.5738859575125
-157.2195225136642,-178.67725633368
-157.5115499854707,-164.54377278388085
-131.5331308389684,-139.999550940698
-186.15811905763812,-162.6968505518115
-150.38318062722539,-137.22359704371368
-147.71798033424497,-144.0485237205042
-162.78000832870782,-185.56088742045796
-182.3339739040207,-152.832801879827
-142.43983002498837,-171.86814266501398
-153.7009274715997,-171.43075961582414
-132.4029839712177,-157.0574052317863
-138.5165804254033,-144.45122095844565
-150.6714761924253,-147.21513588765356
-134.85804881055432,-157.8177666974533
-190.92802444079678,-143.8439003889139
-140.33478429245656,-211.81978538556393
-187.37860177083033,-149.7460655427818
-124.83888875856515,-181.56802307952654
-139.62579407995912,-164.85928757319297
-151.91102229399854,-162.09508210741157
-148.88464163481032,-131.36608147612301
-164.60744709241723,-137.22331522666667
-178.38233589327507,-167.39690206462095
-136.46561469859745,-156.09309706691423
-173.32736381646754,-137.0204258962453
-141.9507255568036,-143.08073323792476
-131.99521067092718,-144.9367697299958
-130.28052216508442,-151.87441425636464
-174.95808712691672,-122.44503229475224
-138.9707339249421,-176.0406341448503
-161.66878075060956,-153.02770687712226
-173.40095121615147,-151.40376157040856
-159.822707681986,-145.60036049939336
-165.50024127749717,-135.17045253109674
-139.1903401602536,-152.70393978398045
-190.08149838814347,-172.83884932268867
-182.67836751218655,-123.91842543610889
-147.57048395851808,-142.29764502960626
-149.51115260713502,-141.4324142182768
-175.621229940912,-149.80116926581272
-114.35169869877855,-150.54781485246286
-158.85931880964193,-163.8629904375955
-163.58906566463105,-151.83914528028689
-152.14156929517736,-165.12758806163254
-127.87948205060097,-143.3677138134197
-131.41389180140823,-139.91978539012135
-185.63113572023596,-158.90848353899275
-137.665062197412,-141.92584938729527
-158.43291842824365,-112.8080262356959
-171.90511300919295,-136.62987283407216
-183.66813477003384,-172.98843470743984
-174.60360731366615,-136.01655373602102
-150.15725679748243,-151.53712142256722
-156.7282400488905,-123.90941332781316
-151.94294568517876,-140.82587448550157
-141.44084254221343,-133.8401189396823
-192.57742767907578,-124.1700353208463
-143.15652114798485,-168.9353351478419
-130.07848845850197,-145.9868478263651
-212.99578537879938,-142.25538406290184
-142.2475551118654,-118.87400318561079
-117.74086107957706,-134.28909559128994
-149.4449438158372,-156.47158040470606
-121.52990648474844,-132.20102389929465
-140.94006803719995,-123.12177003072834
-158.36707445809768,-141.94569073795535
-122.22498271533365,-140.32210295167283
-142.1900050044162,-133.16340988504376
-172.45422604280688,-147.21780929270287
-156.10497700944902,-111.83044129009994
-128.2197791778843,-131.567321356628
-162.14560197345278,-131.074027092868
-164.5255923566624,-166.67179951940037
-139.09538858662978,-149.42797846185465
-142.95293357436967,-144.82625976687345
-190.7719609757928,-140.52895351357208
-125.80708430877645,-144.8685748383399
-142.6524435818923,-144.2759571807117
-153.7411729692772,-148.720321612108
-153.24996127980612,-152.7013170524806
-148.53963709660013,-159.51228176136138
-166.4428272489433,-128.22794535849033
-138.1084173130963,-158.07499863377828
-141.31193585545418,-176.77587548340247
-142.64931782885668,-147.87297806053644
-200.80094387165505,-121.91109551019949
-149.7388556744729,-144.9503581556946
-156.4757811028092,-150.44346316697454
-149.82379242992536,-176.22665593365005
-123.51978920761911,-154.18974650408848
-176.34178586492706,-142.6299101159896
-135.99956501207984,-133.66339996324083
-175.0828638132465,-153.2352295683344
-148.6596870002543,-156.860528322983
-142.87830032701984,-151.4373878027484
-151.86832695208042,-141.30080171559473
-136.20261137333014,-152.26408203959548
-137.9813934480318,-157.15624687356774
-138.34908798346137,-184.63153859807508
-144.81210871062217,-146.7293187561861
-133.4499699543672,-147.80958735561794
-145.81818927238373,-149.94374221623212
-163.4795641688728,-124.61660049394163
-149.35610150041128,-148.2867007571074
-156.3282861296548,-144.0614412192967
-128.6416500153794,-144.19140508199447
-172.27340657911625,-165.4339175079438
-108.67570802457585,-118.42835811072317
-140.7387739748872,-152.89360102887045
-175.81160755282116,-144.80157874942952
-149.0531015763814,-130.4266102949501
-131.19094739711494,-140.37015858399639
-162.4757215386734,-170.33006680356527
-155.21890535095477,-152.3342928099589
-146.1962761807801,-138.69410321324872
-145.87411781205293,-142.31120225267725
-154.77367812048115,-146.1325901363288
-120.58441876796601,-126.33066265611986
-147.15753341186442,-151.7480796164832
-175.91267420516604,-146.99329787494287
-168.16444156035226,-110.77185479356166
-130.8833678410935,-148.68354402080382
-139.46557631448928,-172.54405949218184
-113.40745364156899,-158.35827553497413
-148.43033433658684,-107.23191916425728
-143.51291712117902,-132.32544938830935
-149.39016940806226,-105.64867699568686
-158.42383664848182,-136.37012352278646
-142.5661842849855,-134.57895003553784
-120.17079471781699,-127.30363632476737
-154.529068557163,-169.73555172990203
-144.13636324293546,-129.190576605687
-181.52045114075844,-187.3755239692362
-121.78507976653289,-186.65132870069223
-183.55153198428874,-164.6014850495409
-136.47516701280364,-122.58321864042446
-162.17345191435496,-145.40162459057055
-157.0060274091915,-134.1748985037442
-129.45766865258605,-148.35596125072107
-133.67968405002725,-143.29135117592907
-139.29390546426373,-135.5175323626137
-148.4244120877295,-136.84777264072372
-130.2327846768356,-109.97713330066928
-108.62437697635117,-120.83110973197368
-119.87189388692953,-114.17090233401842
-156.1913829887473,-155.53281336517892
-128.45576720640875,-126.87565527601141
-148.15886372741045,-169.81759024440606
-161.52853744959194,-134.5785677461915
-132.42575056489517,-128.89868126273873
-120.02114367261277,-134.67857798596188
-129.0789082867306,-138.93120418084808
-149.46224903728313,-127.17441198037338
-121.36598747068358,-120.43202272590094
-191.12853625404463,-147.90660908544393
-165.35591639744473,-158.0930107948197
-113.98381202357666,-118.05034094150638
-147.73449518613836,-130.18674207023903
-139.24200424929182,-151.2722364790256
-128.31643211818746,-143.9658481939883
-115.41359453976715,-113.03458223529141
-162.12873099763655,-122.49710555718221
-134.44602938745405,-131.62686797930178
-124.18255868533666,-108.01862185820616
-116.88135050249866,-119.95753650447432
-146.7377596339994,-133.9730830462414
-123.18964267701548,-125.1309705536229
-140.16581655292478,-183.40969187556567
-118.12477605339568,-128.2478464093134
-133.83154870160564,-140.4652587794329
-147.14859238524423,-125.67156332212967
-110.97503356957183,-149.95504061171712
-152.23462796329588,-139.67076634766954
-174.01724731637213,-165.40101563281252
-140.02849225057304,-115.1293481897158
-148.20116282357995,-129.05451644381262
-106.76793140896034,-157.1538607324673
-156.198387413332,-129.82326758530291
-155.32703561902804,-154.74172631692895
-138.90857480119678,-128.50384730659138
-166.87822517468732,-130.1424635993784
-143.47510086106485,-161.06670574834587
-146.9514391645003,-124.67961958318317
-138.4661552314631,-130.82153042774937
-157.91129260241857,-144.76358467867132
-129.44544620181668,-152.66546482083677
-118.49447345048296,-97.45633743832512
-139.4409225895419,-124.14415856420116
-147.13885095266932,-161.6123958395545
-137.2766596349584,-161.08923105722184
-127.15390589723309,-154.01648064675183
-155.9470869355022,-150.87330239822757
-136.89146369276492,-133.97498124010977
-125.66126791366297,-118.75371920267672
-159.90425251229598,-131.7799681604302
-105.94321636500881,-116.93188410979718
-132.68758322013224,-118.27189908165481
-132.16240727865835,-116.58199838148076
-159.05415569432986,-118.92150453898296
-135.99734628716598,-102.7660494632877
-129.1386464977168,-143.81230001183124
-136.07695632159363,-124.76648612019633
-137.5972916412186,-133.01338380227415
-129.72735430141745,-122.05044205846352
-141.67643034666162,-111.63506547333262
-120.26245940827965,-154.50688218292743
-138.28992817250213,-138.73998269977798
-138.91945121785145,-88.90354109603885
-118.38846391404795,-131.76675077200687
-109.45721087046152,-128.5732580155346
-125.48671142459749,-115.74020578576729
-138.41807884872813,-108.88235956640696
-127.85454660523716,-167.5707370143031
-133.33232017816857,-100.61892626549911
-107.71974269356534,-164.25812652575107
-135.73937182255716,-122.30674146002461
-101.1671678061303,-132.25489226592003
-151.69088199073988,-135.87894530230562
-142.99702183656552,-144.03050158771666
-122.80534953563782,-124.57146130902727
-132.38250583995858,-118.26801079395659
-131.12208680779148,-118.4985342043608
-113.74070502014452,-134.47295558925006
-122.65274548963465,-112.78266604173933
-132.35680896865094,-108.24982125119469
-137.5093006230877,-132.05834358860344
-124.42524928978783,-120.74111032483634
-146.84934787703372,-160.9537391528511
-106.37523457266587,-139.68503074411666
-113.48607085161667,-129.9097429033966
-146.10643111794784,-163.9324056011824
-129.33306239797523,-149.41909688200758
-118.89942440346283,-123.95497691732467
-142.1985441585254,-182.70700613411964
-118.06949412221067,-122.21451865124362
-154.41284488585896,-124.32146222870053
-124.26153497096468,-130.19604914744767
-153.6993054814418,-119.99189891415014
-129.0888656737875,-141.9528032053708
-143.78585599138557,-114.81197005358202
-100.23659806845883,-180.36957624778069
-127.05987680297959,-118.17805498109499
-124.75990960460234,-141.10346924774925
-128.5663162610224,-113.58310107919014
-113.73914218551903,-144.92826286200523
-137.19531001278054,-131.17767381471216
-117.39585980106577,-114.49382658668767
-117.90168263666799,-139.6960919701336
-122.43533173841112,-120.74296353474841
-124.33964678071281,-115.20099510748352
-123.05046736805598,-135.6840463809808
-135.58374308009897,-146.24636456053275
-122.48814938066687,-156.7720039097743
-130.07187561287816,-126.2555450630572
-95.67894262122512,-133.45208281693237
-136.45520226484285,-131.93914494709293
-119.00632703918744,-127.97246878164239
-114.03207733433574,-133.11304880221658
-160.66295129824962,-128.42557196861634
-135.4402494503559,-134.35227195490305
-123.26738055685254,-146.45349422130764
-131.88355059900255,-141.8958242159683
-118.58591339181059,-123.89004956139878
-107.8967661565995,-133.40046874268452
-168.41955446145835,-133.96921417647573
-145.31098988768997,-114.22479845414621
-122.84044464350171,-135.88963864918972
-120.57047410019389,-132.089817609736
-112.56984388693901,-134.0746894139601
-126.77930969725655,-176.8509429082665
-129.84313018666757,-162.58496856746723
-123.97446099965654,-98.57924588975663
-134.20418639360537,-141.67560672506974
-111.308157640824,-127.90762623809981
-111.86193349952845,-135.4761284828934
-127.37605667194029,-149.63808277831617
-137.12329454568834,-145.33888945670884
-148.5132306744133,-112.25770452475346
-154.3168688876413,-109.09952174263877
-141.98079885106807,-124.76131746614699
-130.4106375184388,-134.47600790405363
-152.36737701988483,-146.16786004031073
-103.0040570746812,-152.93275113379985
-122.48818886972279,-153.11678479277685
-133.1816019240946,-155.64031172793312
-120.1075368348282,-110.49913350776244
-138.9880195686808,-119.41786119029679
-127.00117244790347,-136.76439103825285
-148.66003294979296,-119.2570610217752
-111.1174092457954,-99.77982367510918
-121.92403855752292,-141.92062261644514
-119.18227706397984,-127.52799023760515
-144.77814072383705,-134.69166231122958
-141.33939564760846,-144.30235839703525
-137.7649971469196,-119.64024691515426
-144.30494337549948,-122.02248276092072
-137.42609527454715,-140.9335755779027
-129.92952885785274,-130.47831310742214
-122.20955858780509,-127.60933658803447
-115.95698699006729,-138.6838941934866
-139.28457537200885,-101.33374259877962
-121.95569820520284,-109.32323055800956
-140.35447028659468,-124.93173210012316
-116.78686151236569,-142.25554782840697
-141.8133116438638,-181.5018558112757
-99.59363442375226,-106.0764052244471
-138.37059399983056,-154.50772516980598
-148.17741326192626,-118.48522216485901
-99.40691113237155,-121.75651095548095
-101.82601027794196,-187.57184563093492
-139.95552418006545,-113.88221520450348
-149.1980908084212,-134.31734470649977
-101.02229071491948,-129.01853628603064
-131.93472016151978,-137.1574906785182
-148.00001661616216,-112.95343521571138
-126.26916584374288,-142.00856989284412
-152.850715139777,-99.77964434177245
-141.21918696508055,-135.7435732082113
-118.0348142835945,-124.41580066834796
-115.65957001814225,-114.09165511714808
-133.4856841258111,-126.82825260676633
-133.4946705565427,-128.58392666240647
-117.37524270928357,-129.2268588898574
-144.59722055044557,-106.92295901907664
-120.31634233683558,-124.02010857389224
-108.09865453842883,-133.97925645094912
-113.11179756803021,-157.48987509948734
-111.62823674481571,-125.550895121702
-110.3662533891804,-114.81727480487868
-144.80096751624777,-142.6493625173611
-139.17187962499446,-96.0548584059227
-129.9518124241843,-124.82879675012083
-113.53920888910052,-119.1543836977945
-134.97465981543863,-119.83095104793578
-124.04270770121228,-112.61785211598752
-106.62032993637222,-134.51954026369665
-121.25883345100782,-139.94336473372977
-135.5662546254813,-128.26589645153464
-116.7696169178342,-116.2553381005283
-115.87636988190165,-117.77920760456072
-113.5898424013719,-120.80828372488207
-110.99762663555663,-127.11249335546181
-123.27689344494301,-140.7925601954221
-109.9795738853342,-107.82861566847527
-140.25752323399675,-124.78919384008077
-131.02162670528213,-126.06956067254752
-97.62557599574198,-154.72021792929993
-100.979850125687,-137.50875148203497
-129.207216628826,-148.90476045225438
-110.09620831836195,-132.2119781463508
-120.15574511802498,-116.84443218090078
-116.36470348004306,-110.25406785286074
-130.4399708579572,-121.53635668950311
-133.27395776457877,-112.14656016961018
-131.8295479094914,-108.43599085279624
-123.04350074351268,-126.88856017198086
-120.84010580907426,-121.47369813806807
-142.25209160980188,-99.98230402655145
-131.53915938407414,-122.17462571378519
-143.81795169281665,-134.02842628326403
-134.90778913306963,-120.13635090788544
-108.06275288110857,-140.51914583025678
-123.78552775763693,-123.9968579421023
-112.48606245850185,-114.97622017251743
-144.7213077004183,-128.13500569494178
-121.07689791875441,-119.76159466533211
-110.04480501195394,-139.54478492266406
-139.02193455838486,-110.59077210258944
-130.4844755527353,-94.91857157901775
-123.09281553275532,-105.82887845647454
-112.23106023705706,-114.1902560614866
-116.01767677010386,-133.19626593640064
-151.14525730961088,-142.02506103498575
-118.57824714933629,-134.6277946480585
-118.3124182723084,-117.63478824946802
-121.39943653116991,-102.0727945471758
-98.63959127991366,-155.49956264486022
-135.62970212700176,-99.4441604298793
-150.15046525189106,-121.03327343980732
-140.14364781384637,-140.3823943123895
-124.39938284184163,-125.10306875829556
-114.34565020152124,-129.14412010328962
-134.20884563510907,-98.3951882187851
-92.31273656265435,-169.0566812535714
-125.86906315964852,-118.0023144246908
-135.73449872286494,-117.536245408898
-115.94169589768745,-116.82391139430588
-92.34996861940442,-113.41691636821871
-129.87808785970785,-121.95102456989568
-139.97487121067337,-113.92209994800014
-157.3609286711756,-133.65226168957133
-135.7817215896705,-124.63873130873044
-148.78263406914897,-148.0404485320456
-95.85574352400147,-152.37560982282602
-122.04361195041218,-129.7998882490709
-114.5694940823805,-111.15296954871135
-117.72229587939387,-105.33408299756049
-113.98866347850218,-139.3743507677189
-102.39122492029622,-143.538607007566
-120.14751555691628,-108.36263620618611
-117.56294935489416,-108.47620378506687
-117.4504582791506,-85.84713406570715
-103.8066491523428,-136.4953174822105
-128.2657406666964,-142.9303756095493
-101.5568113340427,-115.20547816208268
-102.45744001323989,-138.10542560334366
-115.6565713014081,-140.64169882242763
-135.6138148203355,-130.49702436297866
-149.9026485961312,-103.79965074913443
-126.3892180291954,-142.53104744392343
-132.96160573703378,-137.56042415476253
-105.75403302360094,-86.52224133414512
-96.25898367180397,-132.6386218526475
-113.08478250617166,-142.13764857528844
-113.93930433755492,-155.56532576852217
-108.04053032197533,-123.11078711264821
-118.98774926049387,-137.50890606623622
-116.28077471713279,-112.25585972520868
-123.94134364530912,-155.5613364420659
-134.7289040900365,-92.79414969954288
-123.06788280158649,-97.42433206177408
-128.03637775552806,-123.69604728794529
-135.61152048510903,-104.96825044910526
-143.5635260159379,-143.998780163323
-110.12357669704507,-94.69370985320204
-105.43037044355795,-99.25838835770196
-135.0127592229533,-131.13448106896294
-101.41752489894654,-116.6382961083885
-132.0741040721668,-99.6085830299567
-116.91321458703273,-138.39486511049415
-124.56213907364243,-138.06592723224472
-121.5810444393214,-109.08957752884682
-135.7634496495478,-136.01892136260037
-121.47419664790337,-104.41584183347726
-112.34739219820045,-140.8803842331414
-96.21688161470553,-136.10205891402873
-109.56275201939515,-150.13136187548628
-106.17577388646572,-94.92813338647764
-125.82856023800022,-113.25679608691932
-115.8760714131245,-111.69624003403179
-146.30456949686578,-108.5936846523652
-128.78314852880536,-117.63684249538635
-108.64443841782574,-123.85093014186545
-123.02952019858239,-136.9306390949634
-121.53727947887134,-111.03988365203992
-133.11304105222834,-96.78964546472693
-113.375361552653,-108.39311548031273
-135.41279432702942,-126.83409471475684
-144.99954380434178,-95.06672438382981
-91.04751377043233,-127.1749852545999
-140.49357373976545,-146.53120702692314
-112.92353099587707,-108.11432353280472
-120.16684170285801,-93.60757031052673
-147.1083976661903,-138.29106113852183
-92.2079053571656,-160.11598367584818
-103.12052123355888,-137.78844528404886
-128.20217681560135,-111.67575121983282
-96.72180217397167,-126.18363901491854
-130.2941906563261,-95.29120907091581
-119.06227790735484,-125.6175297785154
-142.6972868529316,-145.40996820226155
-105.72414128177603,-98.62174922265284
-110.10716979616927,-136.59275193972024
-129.50487939894748,-107.45736628805139
-139.65442434670268,-100.4337874640579
-134.32938959352094,-125.19507581516791
-153.81660755178157,-124.57395260623534
-97.7525509210369,-100.39066071990182
-121.69400321769028,-111.05956166306618
-135.07569266822426,-98.92528982488459
-92.2858504758439,-141.92984310099203
-132.94251421148974,-112.35244428781057
-110.51183390979128,-123.1154978117837
-90.23217325895573,-104.7318086877238
-98.41581624386203,-106.8758959407633
-103.35760222944657,-107.03294638554786
-121.18465564821038,-98.24827348699122
-116.0970236250423,-115.90451053550504
-125.98492923190089,-96.58252650656539
-130.8342793207608,-106.73152518693261
-122.12806485532874,-112.21081053560765
-117.76385227602682,-113.02206556421277
-125.05481833795136,-92.84185241781319
-99.77714465557288,-120.2503328796793
-107.45596599212963,-116.95008875541262
-98.29290607544999,-120.84372860091943
-107.97211257888226,-115.23401296738047
-132.3923408900348,-100.92790316511326
-111.76933720232361,-88.73698450023309
-127.78193753350799,-130.0206700893644
-87.62673662140283,-110.2534364640871
-100.7644850348978,-153.44751173499625
-119.7298683808591,-94.64906972932228
-92.81410472984247,-84.08884767943962
-118.18983094483663,-99.97007791910744
-141.58790575499697,-105.69646920307939
-99.02601978731698,-119.41670003723611
-98.55305971199935,-119.49946570950425
-138.25012424784848,-103.77281737377103
-111.62052891084292,-90.87561695519383
-103.70246442984887,-112.08804128969331
-113.2417799505295,-138.1959593504422
-131.86085193900908,-112.16270748681615
-121.2593672387648,-135.30975632778188
-116.838247423659,-108.74065598951854
-119.4911440405079,-106.4467622439843
-114.62332753089008,-123.73270246135455
-113.77403898037063,-98.10233612500338
-114.04384295627128,-131.850896106534
-99.36031765506527,-135.53143127413045
-96.30775857525585,-133.52873281933253
-85.72149868758869,-120.12302565784132
-106.43592199895738,-104.91395338330673
-117.64004278940442,-136.00960248503114
-140.73249933467173,-129.44759359471547
-126.25352767606334,-108.35379901144886
-133.17167818976154,-101.2341914043783
-102.9344265500107,-116.44133398367497
-107.49935081292188,-117.59464419240277
-116.39410788477292,-110.25740447768604
-150.03812752092006,-110.16125852667041
-128.8079302117653,-120.01337045390868
-102.79868574486436,-87.64207359074776
-111.91672977726888,-89.29082005096515
-117.00664600867705,-91.39469525106308
-124.31464243606959,-130.84138736473307
-121.96811214583617,-108.04490779990232
-106.62710379090205,-116.68872259251015
-129.21591000936365,-111.22300675692331
-124.79165880413244,-123.51491032388004
-94.17342575257713,-95.86258137946852
-120.21906169858156,-110.97002026572544
-115.73530285063883,-103.51953967825432
-125.85041474599308,-111.34101726351983
-100.93379649640373,-123.93168897577483
-108.77462536071027,-103.9059903973186
-112.56103622678604,-113.96575634638747
-118.5566731810166,-107.05739533943844
-110.14924280518163,-97.78174827606571
-115.62487978554594,-88.41424669138014
-128.98344692668792,-114.66487935003097
-123.4762867662246,-121.36029722117249
-152.605334744824,-96.73806704681336
-116.88023666919669,-130.10630948137904
-119.52007082838118,-108.63689835057562
-123.04594857205298,-150.63421968496195
-97.11191588671167,-122.0413014787342
-106.45751383448602,-125.51976933715717
-122.6682841845402,-113.09382391012909
-119.80017346580442,-136.23178419125537
-109.68368792021751,-104.86156947868581
-152.22829446700803,-148.93520166371542
-133.55078893722245,-124.26602051592677
-104.39627990346281,-124.7877251339239
-110.99221924869991,-132.36589744069815
-119.67855882851212,-124.21931496140792
-109.28010306248088,-108.3238254583965
-108.25876272432942,-125.52741615290395
-118.6495756388312,-112.7179651229597
-121.85023585893674,-129.833272658495
-125.31065008320613,-127.32407033035776
-110.87894792859318,-123.97951654491679
-88.85836153214728,-131.1738803709011
-145.67154370547013,-100.95968942450189
-107.25854283032967,-118.6020555762166
-108.9673970693956,-94.87700867817566
-145.58135360170846,-143.16567979598346
-115.1539043043796,-101.04662830999408
-99.97471992364613,-109.23579031273515
-110.07824828866377,-119.26679648052152
-135.31436639097663,-93.57680115432122
-120.16561292877827,-131.04749641968297
-119.12287740513517,-117.15661476968982
-122.64491544389476,-92.16664006808513
-119.91056307878306,-139.34337290629716
-122.84343832928997,-125.23358365105317
-117.09837786383143,-120.14594949393737
-118.65931812191494,-118.53490884497756
-119.81462768288979,-126.51261649392735
-115.46230131580856,-103.01056702172325
-102.85616196661813,-111.36842944436806
-112.1818477969866,-158.70000762641286
-121.33657095453961,-116.83423652458877
-133.73253606576225,-107.79031455935119
-120.5055689034856,-142.75924255522546
-157.5529824341274,-99.86589014246746
-101.9326230130034,-110.24795567464817
-95.82750729410192,-116.52032176756546
-152.39172746641424,-108.46283605760632
-97.90501978851076,-107.08189001678258
-106.73722744268531,-100.1172720551104
-135.88286901485816,-96.3288421184461
-114.67251402102814,-120.95286881183468
-172.83370586574446,-140.73185640904595
-101.01605619263863,-90.08451126430471
-131.02433964271268,-118.84790967089721
-115.44688492917977,-125.8159018575122
-147.7669648504442,-109.99295627861896
-139.10912432757365,-138.6471355246447
-118.20737871410168,-95.88122546376304
-109.36039322312818,-106.33262129765345
-90.33066997747012,-122.46636568614369
-117.69770830937956,-108.82150909848593
-108.94757122760075,-103.84713239894293
-102.46025491844377,-137.7961338305696
-135.61948745005128,-106.31263050792454
-151.45273885690557,-95.46484118502373
-126.16029476247508,-105.37491413909368
-135.80425120802568,-106.94140976242426
-148.24146426099173,-130.23315053884272
-101.91493738211803,-120.20156291105066
-102.43399500838103,-105.44019097375788
-107.6935562199856,-111.4786025968728
-109.20649347669429,-123.65420305844347
-117.35845914216542,-113.94791750631583
-121.93752158507816,-108.082398651758
-112.78502423874733,-93.19442366680828
-119.59482818226819,-99.78716693958262
-104.93634913049179,-118.82676671635778
-132.98892151436337,-89.9359613539863
-97.57303382896472,-89.50572352721638
-116.16314396740651,-103.34849987193773
-127.45663121177301,-132.51548184892425
-107.27183871758663,-143.91000913417395
-110.51748706368771,-126.94407202256049
-129.94536750881477,-119.74932995713213
-84.37838065533829,-83.86999550697081
-117.06437319461082,-131.23920093732104
-115.95278934374879,-92.6887368760349
-108.07819787220727,-140.38015384723
-156.75090745244984,-107.94209793015855
-134.55284571508747,-107.93875767717196
-123.51821012197165,-121.5406937722333
-107.2921348314856,-135.55484949047388
-86.42845087848556,-92.9927259178735
-124.74665642980776,-117.70216573836731
-117.76801475982698,-132.2063357302135
-112.44423575207492,-85.96687337909731
-98.06668137307129,-130.07325109604648
-94.95350586546785,-130.38350822077837
-109.76641596640266,-134.20147368219693
-125.74648541927519,-119.46629021391857
-120.06069635227907,-128.0655563918779
-140.03204556008444,-108.78074222670259
-100.42869408401329,-125.24480930435851
-147.74595974449875,-99.93189955343846
-101.99896717835924,-91.2636345161898
-119.07777139477261,-125.96566522344983
-100.75520733326944,-120.61835422040258
-104.64329157305315,-127.03521508292695
-126.67316583472221,-120.32113181850481
-104.93901186371934,-147.38669766341172
-133.0428132981254,-121.85770310415992
-134.52744615568233,-117.52938427504414
-137.7585517099872,-112.85898380194283
-125.33512230296101,-91.41687344045725
-99.0721345655354,-140.72154448000924
-100.56518350980694,-99.2582333047949
-90.11612523034768,-131.5096061929384
-111.75982796492791,-131.02009545011362
-95.00121568638693,-108.6309684243457
-118.87185023298987,-114.37118638086974
-112.90137088303639,-100.90114297319816
-108.47117750446807,-120.5296121022571
-123.65038383603768,-90.63103801242764
-87.3617559574624,-116.13273746725295
-136.18854602956176,-148.82124412421285
-105.85878211561364,-105.3568550916102
-107.53264266684872,-113.89001243232595
-111.32028821511064,-131.4789823282088
-127.70803738674834,-139.07000513160742
-111.86446104688298,-112.61846853896165
-117.04468487538989,-109.45074639552725
-128.14785501415926,-112.10022883958723
-121.29442806543231,-112.9321409853495
-137.81706673458606,-120.5541675474206
-109.04784052189795,-119.15490610039232
-97.28705963606542,-91.9607035555583
-114.79525556056127,-138.55875800493646
-119.1989939165439,-113.92957526172052
-125.8098149109532,-105.25743003028576
-119.88921309778495,-98.08065915272329
-118.90279662370428,-101.1855226365483
-142.7214824559661,-117.27904313897534
-121.72541332478251,-110.94574714862598
-109.91621133343439,-139.74382608941264
-101.41138152114017,-99.49261155001463
-146.95830892389884,-114.4154584301632
-107.16399040047786,-118.35889010315326
-115.4301907474467,-135.55464719421934
-140.6374741177997,-103.41706900979521
-121.33614391838829,-129.2177964841646
-124.2487253879435,-117.15560787075209
-105.28620655141795,-121.83440184527055
-129.83633981133426,-137.7354279488772
-106.5777850903054,-108.24873383877444
-118.7722964383864,-149.53715981662668
-124.18699898764326,-94.88342753957897
-81.44192888368798,-105.05188566947788
-126.59171610640648,-132.13757772333082
-116.22138700465018,-126.36720180271243
-152.76693142771947,-115.56472091079152
-123.58582126005793,-88.36322705616301
-103.77727952741765,-103.19522765298248
-106.6548653672599,-127.92536897139576
-133.08557116684838,-133.17824271859794
-100.11994385691526,-107.50701933446017
-122.48790387307422,-100.4749984633496
-142.1495389856442,-112.58953895276
-139.67524118475157,-99.27014885577326
-100.81385243668964,-124.07536131837834
-112.73871907628912,-83.56724943032212
-118.57326362157474,-137.7731768836018
-108.70558470179023,-100.81361578998376
-122.10758671826122,-119.18737398188483
-136.7851119475103,-108.88905450439198
-102.9388192978388,-142.2196026955357
-129.24018630165827,-132.8968418434728
-163.57771990899133,-89.07249110635917
-107.49244210519075,-116.62055127126452
-134.93069163311947,-129.1866860046882
-118.81651671099317,-95.07602677961458
-120.3603350551758,-121.30172907882387
-151.11334183061527,-121.55817812925409
-118.12730042840857,-120.09339228785923
-122.77481345936607,-97.90981487303634
-99.48797414864758,-130.17611353910917
-127.73562568926211,-90.9564394114307
-114.72033793974231,-121.61855879606475
-122.80216598991635,-102.86059030995023
-138.35918951670897,-110.24156351265565
-100.63489829931369,-143.38554597355315
-113.69165014704029,-136.89001945873028
-141.61319772018746,-130.52946866278435
-107.3738946487147,-120.96592671333013
-114.67971883844439,-158.65067536931988
-139.77240990293356,-150.89860651738462
-106.75760426556477,-133.36004302799975
-117.93320948852079,-132.96220307128684
-126.68423169344041,-108.0508531780966
-111.94834709459997,-108.8447723784607
-101.94109141633736,-117.8405057371842
-138.63623013960765,-134.7888924853403
-101.63102917290593,-113.05189383719207
-118.24736509745463,-137.05892073893725
-115.17355043353463,-93.44729698000705
-117.89244994759167,-124.93488017441926
-102.19733319272734,-109.66206490668344
-119.2730221958133,-115.69764899913407
-123.39912208563292,-110.29774975785286
-106.4177190092699,-92.53185121052438
-118.41518201801361,-110.4609533459378
-87.53981727439073,-117.62772341066504
-111.67088664278356,-92.5351698108779
-131.88828935925227,-133.29928884928222
-120.6768277089684,-120.35229307920267
-129.13314073648016,-114.2109538753499
-95.3684748363196,-120.54294173840367
-106.35209445810366,-140.93492012482096
-107.52850913115905,-113.94391136603947
-132.41260051668925,-103.25200374106319
-125.96843422686423,-134.0689475381049
-114.80160716309668,-101.24695521581853
-134.34176611547252,-117.69880287427512
-119.97143181066602,-115.55177444599379
-124.29422751847004,-88.31777664576713
-109.61543653344452,-156.28024252247425
-123.0735006888766,-151.97367350202884
-133.47211505338475,-126.24349232075895
-127.99101458836356,-121.21855597117715
-114.64849843975158,-127.9599663416327
-136.26067909031073,-110.03822531135913
-86.0644165544751,-125.04880334994093
-106.54578441197854,-109.71957047437564
-130.64715728217098,-114.25090845737401
-122.67042271713953,-119.67196714250427
-112.57363021239627,-120.39749282310628
-93.0246863868601,-109.06997672091278
-108.72982748661902,-141.88956710441994
-121.2396446709216,-122.06844712555598
-100.06103582056534,-119.71949908286078
-97.70033257019517,-101.20980205436908
-141.79744057562576,-107.40886912498831
-127.38411452409618,-104.61032143827593
-77.40253016006979,-94.9165532719
-115.70637711990037,-102.83834867618882
-106.72232022671906,-143.5291459479144
-145.53047512248148,-123.66747221385845
-128.46366162176056,-130.01780259882727
-121.14549519326194,-122.79829924239326
-138.3685243184206,-99.12118158414599
-120.04707860854306,-118.72936792387884
-110.73475146081022,-124.19085594497933
-104.43838555030005,-110.14303321752243
-103.37379824700994,-115.37379844419637
-114.18015091652566,-83.19919856245515
-104.28156976934928,-113.47889446728435
-148.3240321987492,-109.52218815116491
-129.28449421612206,-136.20184700016256
-117.18641184362161,-96.73877725530815
-129.93563382958249,-130.69224790706005
-103.29863652619544,-112.4673691056484
-135.05063779248138,-106.11617318573607
-124.2314801240719,-110.44964704167988
-133.45163128126464,-151.47733622775948
-104.83151039918732,-128.47913185052798
-112.56532934844593,-141.65347659908844
-96.88919254208761,-119.03064974609293
-109.26834902201776,-125.57451368957416
-127.27495929801795,-111.6222250069999
-86.84032877118086,-140.8348854005933
-120.94665716843261,-100.04838988244678
-129.96257839450817,-126.93373510372506
-100.9468000859481,-144.90451710429892
-113.53571811997534,-110.42678716745309
-103.41652064459757,-123.52287982260091
-144.98497307240436,-75.77695529901419
-103.47576790033845,-133.23798307490023
-86.41627518266375,-114.69344400022702
-116.19342796718097,-114.99685222205224
-101.24552994888013,-108.45962035652306
-128.30880539938536,-112.48325750542682
-115.90571076314323,-110.3593454544477
-123.65921000013356,-91.79073927431159
-105.7083812195393,-114.03141768294596
-116.31922969174138,-112.02092484107786
-99.440091381342,-113.97535427581856
-99.12168034802426,-98.41171807951903
-123.5770394427175,-111.61041522709623
-101.00257910520111,-123.03815223237767
-132.31665918862228,-129.968613270032
-118.46735625708611,-109.98134858873212
-137.0554788476802,-99.71990642376669
-150.62811473766794,-122.23125462561754
-131.10959858695296,-120.0729278828122
-110.41863019432823,-120.53729070326251
-131.50613196987624,-99.0088272178546
-125.58726983496466,-127.79106758445133
-132.48057244003843,-136.72161959363655
-118.6102194495936,-108.85746866727153
-131.9484222899802,-108.86742104338406
-117.30754538154716,-95.02630981227753
-97.85520780183732,-106.902987383896
-134.46523539928128,-110.21034179722157
-133.7846683306597,-121.18407793741991
-114.12657528137922,-124.9307570717536
-143.91472064890903,-103.66761951256309
-86.82836133356861,-131.29678013506833
-126.7321655724989,-104.10086300499945
-112.01545817984,-101.73035958971711
-117.4330852065078,-111.1482507988953
-115.4971729217286,-121.42011692874921
-126.17160044304079,-118.19425892744631
-107.27413682097864,-137.31627000307284
-127.99896630051828,-125.9761403188925
-100.48621893895049,-112.95102383258248
-122.37926899986446,-113.87748712658623
-127.96408230367497,-105.41432800923143
-105.65575261332586,-124.45482190049539
-104.46622848331224,-98.99825936671883
-161.5348319827106,-136.9321898159665
-103.3847998680177,-136.5023510258423
-106.66087728386123,-127.39200721836475
-116.25879357982187,-129.3811589489202
-121.90424711037785,-116.71590138289459
-135.81109507358696,-118.36063050182761
-102.76276758003611,-148.21320343246944
-108.30709420723022,-121.22363228419096
-154.59232279762048,-93.35147042780983
-118.76983092450801,-138.37295970411066
-116.39530159593915,-131.0161398211466
-115.97004610954345,-100.36536914579516
-106.28536164513059,-163.55337029011312
-117.3568493048138,-112.77303189511753
-121.28954863594771,-106.89354332520405
-114.42668815873924,-192.07275277990547
-134.41707859102814,-102.81831356069306
-109.12052322908596,-118.57921160973034
-122.44492936735853,-142.2646415433455
-120.37579808162218,-140.90167860609995
-105.90119066399419,-115.18208680798101
-110.70588175399386,-144.4743848383084
-111.90453677630522,-119.71556950167196
-110.8932855520238,-115.55894496408317
-158.69773784103347,-98.22634285862037
-111.73824964034063,-137.8137820295523
-138.42820292172198,-120.0590689970815
-105.92338635938796,-112.65477781571487
-88.38272357848007,-123.03551750341397
-106.21997245405755,-117.60830586409487
-127.19657537177183,-122.77549272304782
-121.76824656977202,-131.10596090955823
-108.38676516766698,-102.49392658046746
-144.3863911194802,-142.0630701012227
-100.20339113661917,-105.68781219746512
-135.06105391624618,-114.242731968258
-105.42133546842538,-105.14400867354084
-114.15021309414358,-113.1748173409798
-134.4887107430087,-149.2976748902821
-104.23088079398457,-122.04818860361341
-156.9064349428868,-105.19703943260349
-106.21214139428493,-146.47763682760072
-115.2084404950743,-125.90119710713303
-139.11796439171434,-86.79058532597678
-135.89254414496628,-149.97337662072135
-91.4462313488243,-84.26190604272315
-102.07937993071475,-114.92965242170614
-101.91465027344138,-99.94983219135909
-153.02673186790886,-119.46389002011402
-121.88711297067894,-100.96064351225542
-114.29983896445253,-107.21892519395674
-122.25954817738746,-128.91651553630436
-117.23828812310147,-140.28092273219613
-142.01308637113803,-93.90456756390475
-119.94965607622169,-94.04032681789083
-129.71204712474503,-136.51521669890118
-141.63836544885808,-116.32651926881341
-117.51776645392356,-111.73403386376964
-151.94274127432598,-121.66106767226441
-119.15311030342812,-127.91765817899558
-105.96008320727606,-113.42290138622432
-116.49258282082468,-116.58729103393668
-155.8095117749005,-125.78008852289022
-125.23529595233708,-110.33473835166858
-112.11503762814603,-121.76021554615777
-131.12615576373776,-111.92984176658334
-125.12425385320955,-121.79697367165234
-130.32995084262492,-115.85403734544572
-122.48667322730026,-116.42662167072608
-134.22197126923396,-153.94576458480253
-108.78752480779322,-112.48276572005898
-115.98785398441686,-128.29140186751138
-89.99285164911099,-117.8996290459435
-94.07258529347108,-110.92634476797485
-114.27374703226931,-104.91185402504514
-128.9506253549558,-104.29945573634804
-123.74461021553653,-90.14675772446294
-114.1731880968481,-100.49088968979484
-121.06823944618958,-133.4782226599956
-117.96235840625395,-99.70365730817916
-132.70829545798003,-115.11276568848274
-134.2083691834528,-132.06621427402098
-105.60725813367742,-115.98807315618552
-148.51580067950127,-138.1416809133116
-125.43402149142263,-118.35481317991545
-112.80396816701834,-105.34563863845953
-91.48118087306065,-98.0956491215606
-107.95363235413555,-97.74470351960012
-111.73495774777534,-92.51580218202996
-143.1151213705977,-112.49519836264756
-109.52822903523543,-117.90247850754692
-93.62155775936705,-109.06382948702301
-126.54491080151064,-105.49920737127692
-110.00141907106489,-118.45864402161178
-121.26391168706007,-110.53498843080565
-102.14443438515197,-119.16770153610011
-119.44425968647609,-138.21895406064948
-99.68521825225118,-92.62949308018882
-120.79773049257116,-121.02169882403221
-126.80698573637488,-118.1697294386929
-118.00503456093017,-143.1071571279188
-89.17878092352922,-128.70482289598223
-116.1818027209157,-109.91447596112071
-107.06300330422508,-101.37701851694506
-136.67882067270253,-132.46479226148196
-136.50465960792258,-103.96990695372081
-106.49540616868475,-129.43603572898255
-137.79438197412395,-102.19629015671252
-133.91779345317045,-134.07772566797192
-136.4264911541775,-122.74754642372791
-108.58394060235372,-110.50490196129483
-132.44691176406386,-122.09942280681337
-102.85107148220207,-93.7846545676799
-98.52229263824577,-120.10990149626375
-119.80393076990049,-137.7881245765036
-130.15992982700777,-118.75682342172651
-119.82672761379696,-112.36770015073101
-93.7761854884517,-130.42140214806741
-126.06747937667484,-115.57382572450805
-88.70022913479453,-136.4410004085185
-138.6109148555803,-106.07844563387764
-127.1387850951945,-128.98244258414613
-104.2132566622927,-105.63045637146053
-99.32787815670359,-124.44343248133256
-126.9012812686451,-101.08128696188473
-117.74132778461036,-145.69679530470268
-148.57051433560807,-134.11309985634063
-94.84407469089886,-117.29223679858416
-103.89756318377482,-118.29208807414142
-113.62300891477146,-125.2580477358262
-106.56242393023223,-106.00750011770505
-149.69763212360087,-112.88523449609717
-87.42900473868688,-101.21333354339842
-95.94192276202742,-114.28092790601384
-104.52500715869853,-95.68475610322497
-141.14274988824837,-145.94922430172815
-124.69432704855721,-97.02285660042928
-130.72367330384208,-112.40022946569155
-95.98008646081048,-149.68910059522383
-119.05179099899206,-108.72206221361404
-114.64195775758706,-123.0277347606747
-118.82112720381895,-116.84806635431545
-95.56602860022832,-106.36025975415653
-131.4489267643226,-134.51119263997077
-101.80365095159097,-141.77577993067493
-96.440855089811,-96.9780563484635
-148.50518291960256,-82.79651168287955
-136.65463414437045,-150.67230522439428
-117.44615100817781,-98.71560538078488
-145.7731709716785,-101.69714585832453
-109.30352595715651,-107.84889047888831
-122.29408639654955,-102.66528388205332
-115.31495079653105,-112.43770095966242
-111.77279705434941,-123.41649762848984
-116.69237289452846,-105.24403855063404
-115.14362353799172,-145.33419398784108
-134.94773867196804,-114.5183086267669
-126.241127499614,-139.07855659810662
-126.1724561408549,-116.8713378560052
-107.86859021218683,-81.0793996868022
-125.36303226237898,-109.2848163795715
-139.83880299798184,-123.40646322173613
-126.57580002452248,-123.00752533413308
-137.6908746087716,-108.164875720869
-147.2941527962634,-106.8633120394934
-92.66953889348409,-140.93086756404512
-122.72485612364264,-110.3275459950503
-118.13346222326068,-136.28629387640282
-116.88543861889727,-129.01607076028287
-134.3129286165274,-123.62687958409052
-113.15216004925806,-91.7782201668699
-105.82878714355877,-125.08335820908013
-127.27943911480646,-108.7791401765431
-101.63678852320103,-143.13330890969831
-117.60901161601706,-108.37748331727911
-155.2436109086481,-127.17210210286792
-124.8850394862642,-102.8994125188089
-101.4693780773283,-120.25762400942973
-110.87899336167008,-102.82758787048256
-146.57006459624014,-122.71478236168012
-133.53959506143508,-110.7266899857147
-81.32192545425768,-93.77746445850565
-98.38394453409933,-116.34352994947825
-104.71310772562613,-105.7937887157763
-94.79932165599838,-117.31051131434475
-98.6822214073912,-90.54223415452596
-109.51482100225728,-103.49227542020934
-138.8230146704186,-115.53935741227284
-92.80966452313706,-103.45661753880346
-118.40669926974549,-118.648817074387
-136.1184673798389,-147.92527265271298
-119.9458064322053,-109.0087563631976
-132.8120017826308,-120.58417825335724
-168.66291254544294,-108.66056888642092
-125.76566309842971,-133.64248422506932
-142.6070483859332,-116.94355973161944
-102.24822733177817,-114.43381631400003
-96.60712245084774,-123.23308901610899
-91.6753866935704,-117.5821356328773
-96.10249297763276,-116.72067466345536
-107.62698952320049,-152.49044097134862
-124.22045914771252,-114.81812387059149
-102.74966553799389,-100.57986783361642
-94.7356109120923,-121.92802590939039
-95.99616038929729,-138.7158435331985
-98.27864112351286,-115.24744290137217
-133.22728749763112,-143.2289379589876
-128.125454395155,-107.33218073255938
-108.15244079285317,-91.44015358652963
-110.23451942999644,-118.77166882690555
-104.10498177141189,-123.55190705044986
-121.37033751916485,-126.32752594604172
-118.72336800995905,-108.6902156723055
-141.59680590629682,-110.42223958431885
-162.38031636788853,-123.57776378902967
-131.67076370249498,-156.0460888160628
-101.17698919862424,-101.5295521831943
-108.99652165107067,-146.31116149085824
-131.69912571997037,-154.60689800892857
-104.75372164695614,-84.14999340421366
-116.41173172545794,-125.20118477877458
-101.67119459258188,-121.09201541069274
-99.98792812429072,-139.4394230487735
-83.6480672468296,-126.0228407802728
-122.07217105170723,-112.17343782478542
-142.8579919260135,-87.48733156955461
-131.6329200257307,-103.07775387331665
-97.42900576052162,-110.03479906089622
-111.2848596372241,-131.99276056046816
-104.82043905947403,-136.85382302079572
-148.99798082832572,-123.54468877447276
-127.34036570903604,-90.71453997953239
-84.48555338891792,-127.71773119886777
-85.9159867130445,-123.45075862029368
-102.94032815943672,-122.77137680695982
-104.69400008172485,-112.93564999836069
-135.2794020977134,-112.57080198764106
-126.25554028871963,-112.3481713242209
-133.6453639011778,-113.74853526226158
-101.14140464721933,-116.48557117580401
-107.59053917402284,-88.57730966725799
-109.37048112966798,-107.23949871662705
-93.34315614644127,-130.50688719505536
-140.5731203664945,-129.21163295982296
-114.18796627685913,-103.42814301060476
-109.9282473750191,-116.61729096404721
-128.49091630585588,-164.97332917202945
-92.66098010465556,-125.52961245636332
-94.61541107128838,-119.1024631916696
-99.83505091115273,-136.08468648487369
-132.2455244844617,-123.06388276063969
-114.65171448720972,-97.96423043838402
-120.53684755759456,-93.59809390388317
-125.07451494035547,-113.55958978067596
-145.33493506370226,-128.64300415835564
-127.97352670657347,-92.70516547606455
-166.95352609785772,-102.7176603345587
-129.4651655878916,-148.4228184457946
-127.78817143076066,-116.71515171956392
-120.4175354561059,-91.15871982604939
-132.22848110340385,-127.29368934365677
-99.06364190009033,-96.23971658517668
-119.62418807426506,-83.35281445316461
-112.99233421308182,-105.84201425934826
-112.78162811200643,-128.3472899524731
-120.36065951120402,-121.07241791919974
-137.10002574086033,-100.28588753174957
-123.44056159310647,-118.16530974495882
-140.17186555481996,-128.3519368740121
-117.46364552885436,-161.90993456815713
-140.120463072992,-116.86015189551442
-102.12298570006146,-132.27026409243072
-122.68959426118435,-96.05033155698239
-115.83358642146563,-101.4014703007717
-132.19271938508217,-134.40219623946516
-118.77013543157875,-108.43423669270899
-89.19445926624459,-117.04747889902859
-124.05564248155665,-90.67922782388592
-137.0784224057171,-106.34325816340042
-107.19883066008808,-109.0611793645942
-141.07243751708864,-125.14154522366192
-158.55981907143428,-139.10468623557512
-100.0301229663862,-120.05913584310946
-97.98376968762575,-113.01604242872855
-130.9273920362633,-135.075193670381
-136.4041562420551,-128.93647050329864
-129.54066923952675,-129.17098003158543
-99.61636741327833,-133.47632292599212
-112.40340835907928,-129.55757481742495
-133.24576410693953,-86.33799252729692
-108.81778917244357,-110.74295268554305
-138.43372791118202,-124.17817900668133
-114.20787477438805,-123.98543015405457
-135.03574270025004,-119.72957047888794
-115.7384445036694,-133.51508043439216
-105.66582405516458,-128.9390275892408
-150.20675767950044,-127.09527772519873
-108.26520552845443,-130.57580556028367
-110.85850729465669,-136.41898277384993
-137.6838031304249,-117.29946469431226
-132.1572632421023,-129.0756247453734
-94.60963803120437,-80.75855559169999
-84.87743366785215,-106.25873563466878
-138.89860572634265,-80.78116946751723
-128.9645801369588,-102.99004719477063
-131.90030554611945,-152.1379684599309
-137.29996297434968,-95.75952989824263
-110.43757704322844,-110.82734269327126
-103.88088009740537,-109.9238808142399
-136.9727922344002,-145.12254347688568
-119.27526341742072,-110.77474856137209
-138.2789702476361,-109.64759776635823
-108.91725516075512,-100.55909786449791
-146.87561162058228,-143.44242101433107
-100.154267252758,-115.245158370192
-152.24137265445927,-99.2865505861932
-99.80883676034767,-121.39824511874242
-125.16964932695859,-115.079137910493
-98.56596845917409,-128.0049943658566
-100.12581861993914,-91.49688026660003
-87.25849060169755,-111.14650557657383
-126.95281928572622,-119.07110667707217
-133.2442892865231,-106.21997575419152
-109.40382907050538,-124.44189827229656
-119.14948947276405,-110.6149461261936
-128.53984950797053,-119.47132182023222
-109.20222893006617,-135.23859077415796
-95.29913451980175,-127.70115863495556
-100.47782677364951,-114.52186402600921
-105.16829353354163,-119.66891648161709
-140.17446070060066,-116.98158496543373
-112.92260537905887,-124.40310851028734
-111.14000277678288,-109.0857937900842
-127.51869383463527,-100.44697563681352
-123.11160603072287,-115.05988175238384
-107.53093046715233,-133.48436773075412
-131.44559580912014,-133.13855551561707
-124.29492745778398,-137.68893700714585
-101.06462133073614,-95.60545952719734
-125.38579870452749,-115.53625634443985
-126.8053485303147,-121.95512925883347
-116.86062048334702,-115.88561675808386
-150.30422635912547,-138.07299149625882
-116.33745517275415,-124.47521020896795
-156.9788112705005,-102.951208029484
-124.4809256866209,-130.55012902236638
-102.22931062042602,-109.43113802310016
-124.75208790973521,-103.51015979358345
-120.88913348551903,-124.23054567041612
-119.33232153545204,-97.00734269202671
-106.13547383406792,-107.67826103245984
-104.39652678643036,-131.34132673748016
-80.80727339100292,-149.18141327125247
-97.21019563777266,-132.13173979407338
-117.37872072179678,-118.83207876889531
-115.30505330192786,-110.16253908981777
-96.00586706588253,-93.93072533120505
-106.78400149761599,-113.56143235061415
-119.79798883555841,-137.51838985348644
-113.9339619528379,-94.21347233951147
-127.8718931138724,-128.53506602008844
-104.46527677065333,-115.6678492965723
-89.87202010335132,-134.8687685345182
-116.99038712526131,-116.23548871374123
-119.48276225642694,-136.88606323819963
-119.44689356225813,-139.3478758170836
-143.61654906856967,-131.44688632132255
-115.07290448539767,-141.5985131555644
-123.21191012476685,-132.58721182060302
-93.39483405085114,-131.2597189155531
-145.93436994142544,-130.72690930035503
-116.09014507713017,-87.60682655729087
-125.23172464942549,-108.54312203249951
-115.31368429005772,-127.78860411954567
-120.4542214394264,-120.42299944128264
-134.0371642206105,-81.49190870680978
-121.18710334128335,-104.60859917155908
-118.51721624193058,-125.41590053042415
-127.17072999860271,-105.10727484513966
-125.62604548075163,-78.88569562695426
-134.26542115965643,-114.43266951937632
-93.06327156649566,-136.7211074342571
-100.19605692676579,-136.6325807754178
-96.62171000057154,-115.90990347427335
-133.9642497749722,-107.26795471629184
-111.5438449270707,-145.16488536464735
-99.3938711490712,-117.83216727084636
-121.98835869933059,-122.3330863169181
-132.85121801860544,-112.02158777037161
-110.18301897850779,-92.45095093822398
-133.99986187134945,-92.28378878417897
-100.3230814574555,-117.89847258117534
-131.0222351306311,-129.55858119722006
-112.35400890687876,-140.3806212817902
-128.39660489314986,-101.69258054583028
-113.18303367452125,-115.55679237931318
-120.73809714377198,-121.74181902674242
-126.23285289252908,-127.01201384053485
-135.90634689166285,-109.74812511062028
-134.06023219481497,-121.97838761839544
-118.82671220089331,-121.07910673737857
-138.0049332326141,-117.11459431594676
-160.47381361915455,-139.0733609728328
-129.61150261575355,-127.14349538878122
-148.501333069111,-103.48933621246674
-133.4035274687523,-101.7628788847632
-105.16379309618343,-121.10953314620892
-131.04496401875082,-121.93561756392057
-93.68908462978625,-157.84696670640392
-106.6415939149979,-88.8441668146468
-95.26174661975067,-150.50219877036764
-117.22559845348947,-152.2611239850806
-107.54988613390047,-112.88778379045853
-101.9349680999819,-129.09317747090287
-115.2886708826005,-98.59192080680175
-121.40407964029481,-150.56809385607318
-115.72489697117648,-133.17781530211323
-142.5152872014727,-121.78903000397484
-118.86601150564849,-141.93095419535055
-105.81143985893276,-118.23111975240643
-145.6789173403135,-128.2157434958019
-96.13516743594003,-116.58135246223966
-104.28153358755667,-94.22153239634252
-113.19607373263838,-140.85745955485822
-103.89858895760236,-114.0725101353519
-137.6382600250229,-94.27674907967626
-96.22922516881187,-88.8008076860254
-93.5522234993373,-125.31309867163893
-83.50609244334679,-128.47388740815492
-142.05262614878762,-86.80770706518378
-91.80167782707997,-133.8041662509201
-125.93269807772938,-128.72143550694557
-114.17008463452342,-98.79555116304697
-123.84538131343731,-103.03714695207506
-114.77127964350402,-108.93432061495261
-92.45400905800544,-148.95080807487238
-98.6904609400969,-110.98995101236211
-94.0566657445855,-149.24179551783598
-93.57160438494807,-98.6079487861162
-116.3667912931565,-128.0490980656851
-98.92427352607335,-120.36555526760334
-117.29136284888229,-122.64632131308703
-147.23186962016518,-110.97104976060845
-146.3995363742492,-124.47647085955373
-114.93287967266652,-121.10658551474874
-108.78808093305503,-137.24506695271532
-134.68906334961255,-140.43747466765754
-147.61290016823023,-105.70373857171398
-115.70516372056363,-108.11516908383398
-115.3364385993055,-117.56777546847574
-132.63037822184822,-125.82301084520269
-117.37680779082712,-87.26911581357501
-110.49843804548283,-144.40008513260202
-148.19305588872234,-99.32748599979193
-104.06619295577194,-132.77811734929685
-111.24034542275724,-115.59917235877147
-119.65850730470933,-136.40740117159524
-108.31336200734765,-94.5046649169832
-144.3024217550123,-129.32127134752753
-133.03895675015903,-98.74703529134547
-122.13926217834599,-108.7989422194679
-121.21731777250828,-113.07427810658845
-102.78752893144559,-101.8785856373636
-113.01916940171745,-99.22458847876298
-105.40509005928034,-110.71308017465876
-104.64593525067572,-88.8181763269482
-123.56290813576395,-101.15723082582646
-138.62448668976154,-118.74135361003457
-108.2467561127992,-139.73807255572592
-125.50543688643448,-116.07696722366629
-98.14105127470768,-119.12186565805007
-139.66950246613044,-107.58836669435514
-110.07075571443148,-128.07499936546094
-108.23655489834243,-119.94787370879311
-120.31038572233177,-99.11870803999241
-138.4811643284565,-112.09440342537408
-114.80737349128924,-117.28726765778748
-129.44323859000525,-107.21953071151326
-102.91737028306787,-125.74684102295717
-128.11405230035817,-97.56146324369259
-110.6973728182807,-120.53840427667177
-137.3789106549564,-96.64501255631042
-126.20187960192864,-107.96737415417513
-97.30639651032345,-118.61438763823857
-98.28645506836547,-89.46841187041579
-147.6285069387174,-148.26560046420295
-132.12108961995713,-142.49851477713025
-144.94031158521364,-122.57309589112974
-111.3995360259974,-114.27696292529379
-145.33823092366302,-130.1438939221003
-86.37226373256897,-144.66755918225564
-90.72108807975123,-134.88054449288592
-145.85050945941396,-126.20929107615497
-133.27598819662325,-99.65288585148583
-107.02890289684755,-159.6092285365912
-100.80939479671125,-116.54626335293472
-138.77184103516947,-145.76622656723424
-137.14505012229267,-95.6078588590515
-121.13159286668814,-137.66331755530672
-137.94111627656005,-128.14398700609172
-106.84673527331164,-123.28808433435753
-134.86555755235065,-115.04780727179141
-125.69739646219456,-146.33522057162727
-96.70293779196827,-122.01679944709613
-106.84752603643668,-113.40835229340668
-136.85636120166052,-147.2678755242712
-111.52155020928163,-159.94992198393555
-127.22710097279626,-90.21800024611072
-129.794581427421,-147.1764104170068
-86.18309734701356,-121.9760770817465
-112.66516037413562,-105.57567337602403
-113.15822873921275,-120.33102440395693
-116.38132167371987,-138.2565822906156
-120.5611436262339,-111.86093561423128
-84.20950479231983,-113.70803798119084
-98.86025794278892,-106.35917403254797
-88.30074220588898,-121.87749836692618
-101.78214201734188,-105.55649929361672
-99.67876176965362,-120.14493602020025
-103.52226216863295,-143.49029574755434
-99.7721837467722,-134.58229325585515
-122.19634075302996,-118.51690140501364
-99.49858618704641,-124.66048697802013
-128.40399480622943,-117.45230395917726
-129.23425547099663,-109.98116041316788
-103.51468204057,-105.13250279450502
-117.1946644112944,-104.77116760965724
-93.70149201355858,-122.91343340682032
-117.60274237318887,-130.05450996847787
-138.8318162660649,-87.40536549028386
-121.6067746103538,-147.19896591675678
-186.15312198304545,-139.00820742316023
-97.11969785874531,-102.63025434496365
-130.6384086702347,-97.82654210452465
-101.75221428075722,-152.3236211247439
-113.43383012932311,-109.82942438307553
-125.42203186758061,-137.48322878675603
-149.26756159359982,-122.84796346283687
-125.11390793538293,-152.84446015085183
-115.92813111727386,-114.887292523454
-144.12246561827496,-101.28274388535809
-136.60956277329848,-148.88770478378956
-121.3676477512369,-127.60321626015062
-95.540075439036,-131.27528735810822
-135.1513360764582,-116.31732248520537
-114.90061958012512,-113.30143977268632
-90.67610871033459,-110.06218670896315
-99.21585966338792,-110.61116698222021
-136.97164606018035,-124.61145928486458
-118.52201955207245,-142.2759751151073
-112.80424838759743,-101.60800054148567
-124.38066919055585,-157.22771731307384
-131.2577363082052,-125.04893164764448
-122.02533214676781,-125.8872635964511
-107.35941129777306,-105.95946491030536
-136.2817881726147,-112.50672101051615
-138.27712955626117,-109.5828753249612
-87.11665915165284,-152.74606953018065
-127.65661132233798,-99.3294565910016
-131.9000528985113,-109.23558732158904
-126.17512153512742,-126.38823363127963
-107.56152987317029,-110.12747278416536
-115.92469667825286,-126.42742932374797
-129.49255922658736,-133.55685547214648
-104.88003905455616,-129.0320771597775
-98.46595354167665,-107.75750358059777
-120.50689936114321,-125.37469831920212
-116.80626600336677,-98.89916060500337
-133.1657098372214,-123.915978498028
-131.3399528212735,-97.5895800997888
-98.21514161850048,-121.20600276321565
-148.88983018072787,-110.40324023350074
-102.98294506258964,-86.5080915799178
-103.69785918808003,-121.48596144801654
-105.01484018400149,-117.27240835490028
-137.75404143797104,-113.75331720740462
-102.19354154366297,-110.15207405000142
-104.93670949562386,-134.3103663486885
-111.81727878996023,-107.13463670425242
-120.06092433763088,-108.49017151575342
-157.5471732117025,-124.16185972134213
-121.41157735084714,-106.41601279193708
-93.20208452459453,-140.90177716584037
-111.46175276553178,-153.69982982858082
-135.4001687222888,-111.5000973322561
-121.06856579230066,-140.96534382931227
-110.3630887958991,-100.73097515098691
-118.88426165177513,-113.38349814787756
-107.56745798015542,-129.68109487681514
-136.07774894425714,-120.89470262157536
-121.75598200112556,-95.58872742044575
-113.8661110547599,-122.75801508697968
-139.58137052518444,-140.99911887095558
-114.55188738529422,-113.12665461742615
-125.69812486100824,-94.66817916734335
-105.99293108936097,-125.55213005620676
-134.84057304144923,-133.81754484662665
-121.99350004321758,-145.31266838060625
-121.15128386182398,-100.86594742010273
-105.12007186912952,-113.31201014876412
-126.41453350551966,-124.3218023733738
-112.51513912426726,-134.7378203879893
-103.69381392124053,-97.10692234498805
-134.65474251783456,-118.98362478573517
-102.32708335437638,-104.50438224184575
-117.66166670391951,-113.87174175429337
-88.85452406735523,-98.16648537737285
-109.9627155099001,-135.78180887367188
-116.41176240075643,-119.13078713166468
-104.91897971071882,-107.9240383436274
-114.06386048895955,-102.63868484116625
-137.18469258256937,-112.94278610537631
-110.88113446326153,-120.18374125050536
-110.91207073568482,-96.7186567981607
-139.07547204850934,-100.91101390749009
-104.3312005054882,-128.5987943078227
-109.24796378954639,-137.35337897228771
-162.87871653488767,-148.53847391940747
-103.95789823060842,-108.49382570939873
-105.21820894434023,-108.28929764380017
-136.18081643421374,-104.78115588735592
-95.48636082359737,-109.2309610817365
-120.1879780917234,-104.8641771248779
-145.87565576891015,-112.33546387474222
