train,test
-437.8520929062684,-500.68354960225224
-427.6994172165512,-498.67501531544514
-516.9566499130292,-469.4544145525161
-447.1629775761034,-504.83311343713666
-470.49888755192404,-504.97698405101585
-497.77012718043466,-455.7837112760487
-496.6067283815979,-518.4157342843872
-401.747775893052,-466.595949292975
-449.91101987822407,-446.31333840772254
-488.7538828123683,-439.9511342109119
-428.439693864106,-507.7162197456171
-561.4372647181814,-499.0907371263027
-447.69973823545337,-478.8829538641113
-402.1227861098524,-415.24293066685976
-512.1339087234857,-508.55042396388023
-431.47472408267276,-442.1248842355378
-494.1035838625556,-455.81340014027853
-498.40752684343795,-552.4655788939997
-506.79407365998225,-503.12100644383503
-460.09522861928457,-489.47924921215247
-490.1151915179902,-520.9097520450628
-530.2974055980703,-499.4811964101363
-490.6989240959707,-470.44541582124884
-473.76140738877524,-372.7078904133307
-474.486542715658,-447.49944111076985
-483.61587133632395,-473.147182661452
-438.3086808836098,-458.03445036893777
-353.1995410870068,-457.25270052565526
-504.9188773306034,-487.61922502124395
-457.07597832367355,-480.53494647903517
-447.0749140252146,-443.8084767704293
-409.41617707765505,-389.34549975328673
-392.78916718866384,-464.6549714304483
-505.4404951820091,-522.9065504516178
-573.3629123032272,-536.1728584099164
-508.2221612929918,-450.49814377744
-457.23247070588303,-484.1057322645977
-407.9444350943295,-478.82698659046645
-441.68294659031676,-548.0939989583056
-557.6569450873693,-434.8216061404785
-491.9566721244593,-420.4601655089948
-483.0769564172339,-408.62072099616944
-459.31849763492636,-480.30820504614553
-444.5172158709336,-450.5007888252894
-434.7736618829332,-457.814225662984
-498.4568116996868,-486.08679772800633
-523.2554263984359,-473.5738843430972
-390.64621644628284,-375.3827484380921
-507.1980297885325,-473.2206208450514
-481.44446493466,-404.21763805757365
-365.6429095316977,-416.6569285856445
-472.41061937687607,-472.8639783551741
-488.7200140788101,-538.3834361103495
-478.2868925629876,-479.75753264263034
-463.5640220992142,-474.85752240398716
-462.0115075489635,-495.5653551411242
-479.9643624959918,-446.900765424159
-508.43066031481516,-443.85271263549623
-475.2963783043462,-477.93770871840246
-507.5991582442372,-531.4374272241437
-422.468768686541,-441.95484128766896
-436.38919412888356,-387.24213893307257
-441.4217241573807,-417.8322654057388
-452.54554423886907,-444.9920498432424
-383.19479333383873,-466.6589131007727
-409.0294813246176,-394.09509802902323
-453.3536832227469,-501.8446875448205
-423.1055469091603,-494.1059040784356
-464.785677411013,-391.4713451358944
-437.75918945163266,-385.8203628119788
-400.6503224539837,-469.63320242832356
-462.4486394655423,-450.4734213973771
-359.0928942053776,-452.08899077853766
-368.00832110510544,-407.33491549205434
-463.0166749919334,-461.52503352992983
-455.7229182421024,-433.42102685581557
-449.831000240242,-418.57347005734033
-487.74594544193343,-436.1180723723745
-468.1429912285418,-447.9542187302861
-425.21532646714127,-399.60627508410187
-365.95448394930753,-457.19369459248065
-396.96065275552064,-435.53125557413995
-465.24048940473784,-383.38968414570127
-404.7801467904159,-425.7452576005489
-476.02499339436406,-457.0815855164348
-402.08077966782076,-454.64682430386523
-522.8704061265045,-481.7950919868526
-471.578128337571,-418.3884652668529
-485.6898770749484,-457.351239854141
-418.17148859320463,-428.31170571272
-435.93657618880826,-430.77098216478834
-426.3183758351948,-436.2187314692394
-388.14014189337297,-462.1244070192857
-438.25000934532,-401.9810591701684
-469.7444287976667,-469.79790791841884
-429.10124572683486,-470.10609275187375
-417.33692892169523,-409.3135633825828
-425.61960982952303,-416.8714362704921
-429.31479045634205,-420.8550002389997
-455.9784304027868,-423.4301741656132
-390.331083180605,-398.24341422494217
-379.7082261885454,-478.38804271629874
-386.4043527905648,-394.63083670869077
-433.6952607039037,-442.5729333497426
-447.87055516977574,-380.3461623919237
-423.99758082867476,-424.89102213430516
-444.58383780671124,-441.74310543358257
-419.2559261452402,-472.3832645950075
-474.3928908264457,-460.01654459043124
-405.2644439773982,-446.6744855932975
-388.9215479055972,-383.0559872019439
-378.8626593542438,-412.36793686038305
-404.7999763123131,-439.9952011903058
-398.1146949392657,-456.38039179621035
-442.68796339210917,-431.8734332193206
-420.60748829813843,-439.73531003384863
-433.9571848793261,-404.2533163439307
-424.80789447800703,-440.9243554320574
-422.24509246994927,-443.71480446133774
-428.6394034944199,-408.7955599839621
-409.7158312460789,-396.40838544043953
-377.140232497192,-412.6298664588925
-339.9105482407958,-379.53639696887734
-399.77667291674527,-454.5892074919865
-405.07715912990966,-408.0802744841702
-375.7845693076519,-422.0123245864315
-430.521204134387,-351.12441788429425
-379.27109115016265,-411.17141421735823
-370.0076503138801,-456.3600334586676
-400.3881358836247,-462.43428978300904
-463.07015573719326,-379.43807807671
-384.0579977542193,-396.6457628656914
-454.31061918293705,-353.38517732251444
-392.95296942352405,-433.08470803632935
-460.4908905312854,-397.5170954929695
-502.51698961374154,-390.84136787988086
-369.0013362738509,-402.49556922615403
-459.1461238003504,-357.784697588041
-469.4819975582948,-394.694861583029
-402.73260121795,-423.50735852639855
-395.52126144866804,-427.01137630423153
-418.27994660505317,-375.9769195702581
-375.53503917308666,-369.0485852850596
-414.8170108875305,-439.17026682174543
-428.1797867770743,-429.1894442685963
-388.0072095251137,-394.03020029244874
-417.3017543186617,-367.2492184723992
-417.2463131146826,-376.08927540458603
-392.30200003467155,-372.05126663982355
-416.7063609077586,-335.3379924667567
-414.0617508164765,-365.81808868875277
-439.00289564426515,-411.5141932928882
-435.570992890905,-369.0107731086949
-355.0735812253535,-461.2049463990956
-451.4317390054071,-339.02924671243227
-414.31813201205466,-366.96405553829857
-395.43345566178147,-423.6935253242169
-450.70593019523307,-406.6748029556806
-355.6282786518261,-434.5270967411006
-442.9979743863898,-426.3823092944396
-392.2333455816394,-417.312849330533
-355.6867362419881,-410.97388158322383
-390.5922704883286,-414.9145895685981
-419.0774615509259,-391.6598796903924
-408.61382472805053,-396.56963299916214
-355.78599679750414,-409.5760583803755
-378.38463889701865,-380.1743468557585
-385.9472719070797,-340.52533969855284
-379.9730492731972,-374.5596901653584
-389.3141592700475,-393.2986662071227
-405.9065623924255,-351.83874403668017
-397.1409097701869,-332.7582133737214
-402.2157570505276,-377.2217474709398
-389.5079444132799,-380.1618026873214
-417.91212689237324,-387.45326659154017
-367.37645629669197,-400.8102178102146
-353.7172497030919,-366.1311886653736
-406.8408393635294,-426.4570020340084
-357.92751315955405,-400.0387006343918
-366.52195701164294,-434.602672216234
-394.07278718292247,-367.27183989837505
-402.23220730751575,-393.96779200731464
-344.5102993016199,-368.62009451073135
-385.8147348168727,-384.5566364604789
-316.3911980472631,-330.7398318624577
-362.1848587029091,-444.64610706595863
-372.62372562926106,-372.5866994782796
-386.8317171767043,-390.30459772210327
-360.62644709767596,-332.28257577678283
-468.8531608899591,-380.0148053695206
-344.46778224232526,-354.8092293627234
-344.2011215678968,-354.7201975234611
-400.9862377615748,-362.71940470169915
-322.57577396350655,-380.7166072004605
-419.40120158269747,-346.3230919737316
-425.9590943443237,-344.6481525920783
-364.66996789809843,-334.7148843633098
-360.6582908738808,-380.72372135297684
-332.5867533257117,-412.8853268475743
-410.82648594374126,-391.57521903104055
-339.42273462978545,-391.0768303982108
-419.1098021250962,-373.5937947094786
-344.1470181023234,-349.63882524326095
-334.617123094766,-351.0389811699926
-395.4347418206778,-355.4030859559265
-356.91286016902376,-330.1996573747891
-402.38540023570914,-378.0241396229238
-364.69383106125804,-401.89850549702
-445.72811288966534,-415.32825647791344
-382.87437842289927,-385.74907318675827
-360.26786783765067,-370.3978330644281
-345.05620006662076,-355.4835269809791
-387.61007500580706,-359.49779524643407
-348.1049568693298,-354.1630509324907
-407.2765048423915,-356.57666901250207
-335.40955947977875,-346.9862378569474
-340.6573203337654,-400.75683130892577
-336.2015225402199,-388.80701876902424
-340.69487605283047,-356.37880933529914
-356.74453114765583,-443.86006288617443
-392.247648077291,-362.2921266830805
-405.7789711612891,-437.0302093997758
-378.1604905728072,-360.48426481214767
-410.51852518143255,-383.22762370728
-370.8149147292656,-403.5539216293395
-372.26355176692965,-358.92059804797225
-404.9624397229367,-427.6951008236169
-366.9088665140667,-340.57159212971135
-360.1099249786362,-337.93418832760415
-388.78638483894184,-373.34262096787876
-376.13438270405715,-377.8167982512421
-419.1578550960979,-346.7577344317055
-365.3390058956387,-358.39574715254565
-301.4442313788885,-421.76920810602235
-339.74584450378865,-326.05056127663823
-392.6527588693516,-356.9142463865543
-406.3836312809103,-377.45595526284615
-372.7848542129492,-366.56806838380356
-341.14731886606404,-399.17529296235324
-408.58857728547514,-325.58265453414197
-344.18438823024354,-316.2753202113493
-357.75448673562033,-394.21828438317937
-349.5720277955002,-357.843498812566
-348.9799969283885,-363.29256790921926
-384.8757496712549,-382.3444598728756
-350.1668792786151,-337.5426466743729
-330.44019609817246,-351.1981458319645
-386.2920253634741,-364.2073687079457
-288.9023943354772,-323.3773591757321
-364.60268324811386,-349.17199233555993
-409.41057251653365,-326.4790720343997
-298.42067717299085,-382.8889646622063
-319.2442271567112,-398.63332944619964
-375.0577021657062,-417.74567116489374
-354.56176919767904,-311.17107804067837
-353.1660022365645,-334.19600442309263
-408.9780462127034,-436.1927035986031
-359.38082801081794,-343.15424311396515
-339.9336551856865,-324.86230793061094
-362.1442781531922,-299.50496918593234
-346.7111415590344,-377.167607859897
-337.0258266202304,-364.6602052714412
-339.8188570051105,-401.51601265893345
-317.7973896257977,-363.8635465608118
-306.3094111538354,-363.9877130619682
-326.93358959531827,-389.75133074512144
-414.2390971149109,-336.5632628975807
-342.2252653720128,-327.2944422321713
-300.4045776148962,-327.2565196717562
-401.5399322811174,-314.543709355486
-348.5512616863116,-357.29483679561656
-293.486703379759,-346.3308200811659
-310.962667246655,-385.50806568688654
-369.43072730250606,-304.0220010672879
-340.09174400475126,-299.47721502152405
-296.6753954870207,-350.6185062733033
-354.1323256248567,-376.5057864711064
-315.48180793662186,-347.33731569073694
-330.8542241848388,-353.59120850364934
-278.5765083304247,-297.0902491148262
-339.91248380640644,-314.9188433312608
-344.65524928429016,-332.54580774501113
-297.501085125239,-316.4361367897874
-289.04184743379824,-355.3107063260856
-344.149715767067,-286.28082206149634
-375.30351215584994,-338.6916290033926
-365.2244674687995,-345.3623701685699
-346.07145214467334,-332.3122683189262
-332.5390129270323,-394.88562481763876
-377.48272382601454,-371.22270962572094
-391.1212938976555,-311.102928480693
-339.5289018811293,-361.93345690251346
-309.1487091224245,-332.05572899811995
-353.5136906969028,-338.75738396077776
-335.8217642225575,-314.44587558682264
-334.26084797279657,-300.0901765161622
-315.60606918294627,-354.0061400178658
-339.6150410776365,-321.6021079734466
-310.78093113555803,-349.2749235517045
-299.68131253203876,-362.5776468080622
-309.6077509389554,-335.1016312464801
-341.91104996601484,-336.0881900501
-381.0224849333023,-331.44297913940954
-273.3225228242752,-276.18018597517766
-353.8234787492854,-337.5803570309607
-335.0592287168386,-322.91608530586825
-312.2456066189098,-325.5643661721296
-332.5887233098634,-303.0502707585704
-296.67988170314186,-336.7531048192023
-269.16855824366803,-317.9389270727836
-328.9437332694518,-305.16461921285907
-318.7669578090446,-338.0591252648742
-324.27642103022566,-352.43863694991205
-323.6447834870556,-316.09677743299443
-275.47397863942797,-355.5384326033365
-342.3970226459071,-271.8404225997555
-343.4947842347302,-269.56961779745365
-323.96212497428996,-290.9590770443664
-286.2863111336264,-370.94662058194405
-327.76390178602304,-296.63382152920326
-321.7228639697737,-302.69649304458375
-298.0334892667918,-315.17172692947526
-320.05997472897354,-372.3125246105518
-368.904318187669,-254.44105773601441
-361.81006724957314,-275.5193262693556
-295.3140744084529,-305.53138424005925
-291.3004274665975,-319.13542828010026
-355.57936510524405,-303.1413048598467
-341.4103354505102,-327.03321125205815
-311.7062389611592,-330.6958922348236
-291.7838635640978,-307.5243113207169
-323.3796032333555,-295.37439066300215
-361.95208923261123,-334.60690031504987
-301.07515048416195,-259.7980227048623
-302.99374233950635,-324.56000152840824
-314.13649500103116,-347.3376612922157
-295.8571182534348,-330.66973749159297
-249.40452628798982,-330.6183255853887
-311.068117047239,-279.43003549581647
-302.88634556351224,-314.43822103781554
-263.2126220066341,-307.34008362071035
-309.2267482641048,-308.0479105485006
-319.2227679864299,-352.032640607476
-322.8647595336748,-298.8267886093373
-320.6991214715564,-245.04765788686458
-326.89259708029635,-323.4902727488688
-261.7327013125137,-317.6321021197066
-334.7249045174459,-289.0616182149593
-336.13840897684025,-321.88572936870486
-340.42831330855586,-340.6808855598972
-300.6897496100262,-317.1472985460332
-250.80871493030347,-294.3195249983697
-297.12954416480284,-326.01451841600027
-264.65294773646576,-315.62371301862083
-298.26984708399084,-310.52869098745845
-295.51943354179485,-323.26861368217794
-301.9655335100839,-274.636100625012
-278.88210482026693,-311.3224711131692
-224.3556944807572,-312.69483780190166
-329.59341510014593,-290.61366782590875
-294.974620599092,-318.81597896048277
-287.41670866537487,-291.81261319564794
-297.84259204645485,-324.56866732504733
-279.69350551702934,-299.32199992791413
-272.9153534955862,-301.0801844945795
-342.96484923597916,-261.537118643442
-317.40687333503354,-287.0113998789959
-281.3607056732415,-310.3089766097279
-305.9098019681256,-319.65560278802184
-317.3352227660559,-263.4031641478462
-316.2560701169739,-316.9420814605361
-316.3717801600048,-257.5035175613253
-279.6692004259277,-276.37351901985267
-243.51243276822098,-327.16774907265625
-283.4504876020421,-299.3566459284792
-294.0788733791407,-278.94556971901244
-313.7234581021731,-333.6627327607864
-318.72362739194466,-266.9610467464722
-321.72607477113553,-299.8868491880985
-309.7466061075088,-276.84629707606143
-292.2556335430164,-308.1677351980224
-295.0017163705091,-271.9235880150656
-295.52953168064215,-279.13648300815044
-299.08182433217326,-314.77904477308664
-282.8682901223977,-309.6857417918007
-277.47966434796734,-258.28826213588576
-274.72164670667433,-281.9912157770979
-260.3381777319892,-300.0870151046583
-271.8869663484638,-288.0598214936202
-259.2521054122995,-305.7524617077317
-269.1244039056676,-287.9013908448988
-316.80949141498127,-261.78713615525135
-293.90314524314385,-262.50836904348716
-244.17647492251317,-329.03983504559625
-277.6884551247303,-287.45625535627397
-274.39967643183473,-273.03025973826095
-312.1912860137556,-277.9281589146453
-313.11550453686766,-281.2965980446263
-318.65240394884484,-314.06166436218774
-271.9716318000524,-284.9846230304609
-279.8300482534851,-264.61854767584214
-297.8358672145845,-272.59802261590244
-297.4542310849402,-286.7346199948587
-295.67256397003166,-247.59177079936387
-280.859912369929,-271.59518108507433
-299.10342972842517,-347.3536960957153
-327.7057482767798,-281.4709476100618
-266.18481723133146,-252.5606898687664
-324.0502662430384,-302.1117946394087
-289.77009857183793,-278.8947337239891
-290.3171879261485,-272.7687286690358
-300.64746604543933,-273.2008941409116
-313.11227860751,-269.6703569384334
-274.7032921310223,-270.77863397583064
-245.35778720391406,-269.9032521509683
-291.4361993360087,-280.8182433568622
-271.5401361746411,-285.29990607075894
-244.85839679780622,-303.3355562653702
-259.435167554285,-286.91096374666853
-269.7327287635083,-244.2276196874424
-254.62614956467644,-235.3002065030958
-266.5019585232993,-246.71489870373998
-223.85091842011485,-290.88955172479587
-305.92930070751873,-265.0322959632729
-280.2176475608108,-280.57039575424
-271.7031096128203,-283.3233657672237
-236.168028293936,-254.07022750697044
-240.00250204429096,-255.43307525386973
-276.87594640827774,-252.94484285837282
-263.8631001175481,-271.13978531750814
-313.2929824357378,-259.8682789944342
-279.11344075971317,-291.69025072707853
-251.69340729781075,-259.24209891228287
-310.2813590815582,-312.75809391942585
-301.01890663970835,-294.3053402430698
-265.9108675901765,-247.60476761346294
-292.7682825372424,-307.50943971077976
-270.3408146537046,-274.3838380935876
-265.6056364827257,-276.3974723881076
-244.79930116384767,-241.2172316409814
-319.15732918629226,-248.48931414103475
-280.65591677091635,-263.5430683103583
-251.71138313339145,-272.28459236908947
-250.8256325147353,-278.47224151013575
-269.15296078473335,-317.9593923095609
-283.47187457929925,-305.77909214679755
-303.05293411342944,-280.9333802405089
-280.50895252608086,-256.6981243877802
-289.94750810288105,-249.3386579227376
-267.7311430038676,-241.30707216573978
-250.48311279795925,-272.08721724433065
-255.385196539888,-275.7034614838722
-237.3605312366253,-271.6837420156415
-234.7659687644849,-266.7199514909917
-240.5315406766819,-288.4436114123178
-249.75048675660122,-242.9170235795635
-273.34952972468466,-233.78629900077732
-210.6508554919523,-266.06410956756906
-279.0399254630652,-274.53081683933794
-219.5620383522178,-266.36593576968966
-241.51406280420179,-275.35475867840387
-263.26349620846145,-225.43735529571177
-249.03715196370473,-274.6540718046411
-267.5895418030252,-307.68628182118573
-300.7400568806017,-223.61127788849421
-268.7895859896979,-241.34446661053283
-235.951604569085,-302.63420847277797
-296.421433943666,-247.6777030394314
-215.6155749802442,-317.4093354893337
-252.94043325844686,-244.5268501709948
-291.78859245841306,-268.3714979757562
-284.62567594192575,-228.9222531124481
-230.07971424502264,-247.42002341959898
-262.46603679129856,-277.36536553876493
-223.94006475731533,-216.64096471932393
-258.5602857567792,-251.62717805139926
-239.47446292451602,-247.40881538913814
-273.7426512058464,-235.25932598678912
-245.3426039716957,-244.10356223496274
-255.18241736677115,-287.40580408997715
-230.95630620207163,-255.60516616782473
-228.2936575883075,-232.81845464011505
-306.0019503695602,-247.23207646930192
-244.3081149199631,-230.07190111644968
-268.86456476757564,-269.19168440908845
-233.601111614611,-277.3320796847585
-250.32529437785755,-269.063028973847
-278.86799246045445,-235.72243634047453
-287.43458305298617,-236.6068602708263
-244.36402594740304,-227.59485504381553
-246.03264134586908,-237.6986259115737
-208.17309955305223,-238.3113801120582
-255.8490792223967,-273.0281258631466
-215.58804503027187,-232.7568222458911
-228.57715592182979,-247.6541293441733
-271.1829730381784,-269.44222717950015
-207.24607621178933,-237.4025955719812
-283.74372234043386,-242.3672189955307
-218.77429356226529,-237.56124897835608
-232.22650745691513,-283.22621719574806
-232.1154165822674,-273.72268673642566
-259.9596616916424,-273.75578539422014
-262.1496138425628,-256.82728552657744
-226.2560719106278,-216.48728619629887
-247.81383273343357,-251.51391967764113
-249.01887872438306,-233.08352075392636
-259.338660006314,-246.94066246898333
-250.97265244784614,-267.9150295446939
-314.7629291947314,-263.2103332953239
-249.17749480910706,-228.13232502517468
-185.47743217796776,-190.70327337650846
-244.65174303027078,-217.09690532376422
-267.69736253244105,-254.46793718235
-211.71328483009668,-230.96856274508136
-284.13120543442983,-202.25214361688793
-246.52462409149854,-293.045570284977
-228.1235950756828,-234.48834082268866
-258.2192327546194,-256.94457333984917
-278.6890107877279,-229.17923123115622
-242.10496426807154,-252.47447828397344
-245.22791623717276,-209.04658853105119
-232.85276923735648,-297.6614334636439
-195.20059473938733,-217.6211499327974
-229.41960577328763,-230.1765324577769
-271.9417081141252,-208.55509832456582
-217.01308998071252,-228.9612008477363
-287.04240225206604,-195.4881348418116
-219.37075988189585,-254.62732123611192
-241.20790141924772,-264.3616369637856
-255.45239864011293,-251.88220443699018
-262.8084999250663,-194.5433972513638
-244.33979684129702,-219.33639157398702
-229.88994375434362,-249.89634741362687
-237.5032524782515,-306.95189697802857
-234.0349081661098,-225.52895588247034
-255.31028498119602,-182.7287541965948
-186.02231832469704,-232.15320099907237
-297.11628010336733,-238.02111347498618
-229.26637482943391,-254.80719580784734
-212.4443413485198,-226.23093819563604
-281.33916875612175,-247.1071074455572
-214.1277656423082,-251.1132969420246
-249.4009717055984,-219.3383684055123
-211.60741341005945,-217.485278871499
-239.00319462869118,-267.4000405890133
-211.15731013237175,-208.50576195010146
-236.62970606219648,-220.8046197518116
-252.0727088125167,-212.5157680960542
-237.30784064494944,-243.54927931916623
-241.26252753840745,-277.6376855574708
-203.88931888975824,-228.86761738610707
-185.67928877446127,-217.65783053308525
-242.93220100913857,-244.0321837400139
-181.90394740212838,-223.56199364590324
-243.1468186986022,-263.20493688596406
-245.19025081134703,-254.23286766696532
-210.32156581196648,-246.68467989498203
-226.52770998963388,-218.1504477569911
-226.0169868850589,-233.44231653730333
-253.08055453472187,-200.0420328365169
-237.76860506747406,-227.6621483633534
-222.30744457937152,-245.29547263053092
-225.67089212720305,-251.24782548808074
-224.31308730759002,-239.85808256605296
-213.29174113504772,-187.53316434603002
-235.53430636216586,-206.2372669987624
-239.04983285622555,-216.26237299365192
-247.25920237972045,-228.88715895285264
-224.13199784101047,-224.20204795735327
-227.7433133472561,-275.59278498260596
-261.1846893720439,-227.99902407919384
-226.91957925229332,-234.6139625276148
-221.6172653636901,-233.26469558023925
-229.50803615106383,-252.40487348754974
-260.89240158893557,-210.24856306024267
-168.9790681706446,-258.52664409055956
-234.0781967924119,-226.43277780753422
-200.85984333596656,-250.55849905992426
-210.4321485877838,-234.94418189893568
-196.15840418387668,-215.9417357017426
-251.0250160548283,-219.4247518032544
-249.68749183724347,-230.67040274236314
-220.38589409654475,-232.9141205282257
-262.1863433121662,-257.57450831262554
-210.54126165017155,-228.705335426886
-196.98812994543493,-234.81950299764077
-243.84529819007733,-228.59200751082554
-219.64786290074656,-245.29647629016247
-218.73890759478994,-237.64431092245525
-235.93551738968367,-215.50724787989913
-232.4290289406303,-227.3479986635659
-210.35473501599017,-204.36237299105974
-212.4272463758652,-235.53651376963103
-221.71462864683807,-213.7328598223066
-234.7395836577979,-209.0740605260196
-203.99922358347487,-261.738970600721
-252.18391193594033,-228.66679971396078
-228.70745085231218,-228.7387578473273
-217.021315493861,-210.89030228860196
-262.7681937285037,-214.35731412624588
-205.47251505557205,-207.27884545558445
-211.44285544310847,-234.39227558646763
-231.31781550904356,-237.8818221711858
-204.04111177499286,-180.76493049800118
-187.52173653618829,-196.54900873790106
-227.77877484071854,-251.87032033782242
-198.4777137788576,-202.27199804731015
-226.45563645157839,-239.0823861434968
-231.0489175926685,-234.21531481860026
-203.1258199401897,-207.77742105744818
-202.56516711631528,-219.82791748087928
-192.126907661998,-227.9249854960274
-228.29457142586352,-220.43354683631094
-260.7195896681765,-196.2187387372266
-178.2726579332356,-193.65692849610429
-234.5868520968153,-198.46414708284007
-208.1826910283964,-209.67018557468543
-207.62616201149228,-239.0438390094782
-207.2640090106716,-255.03414637216602
-211.0693990912918,-197.95917672735357
-246.33083816351524,-230.41387931207134
-200.01017892041153,-182.01338432833984
-219.67547251071716,-239.48070352573654
-249.79097721696618,-220.25763875317162
-231.44950026732664,-219.78474781935915
-217.05132042739865,-197.5195058560485
-212.8340263953753,-180.1884881691186
-191.54309184750232,-209.80555818854558
-188.84846227362544,-201.37191691812563
-208.2938228248733,-222.8928035875832
-191.70714286673703,-207.3963047219454
-214.61514928655066,-228.43888399549118
-257.0713497829003,-215.25038888714704
-221.95806291623916,-218.16277578466324
-184.8340552490307,-189.12141728049568
-181.269577317164,-177.37763808335197
-228.86406706782054,-221.65690370599563
-201.2392443121074,-206.91663481216273
-217.19577690141267,-192.3145096515234
-178.63443249068663,-238.9182923432378
-212.85644119350803,-235.0808728585516
-243.0169012030852,-226.56459858897247
-229.86844208374478,-206.26375885906802
-254.5832022286598,-205.68468869913167
-163.20043625287957,-204.68713765754208
-260.32697331503016,-167.57402139953243
-187.43467680722927,-186.3198155460315
-198.12604388519185,-208.46993599892863
-203.44131656057647,-183.07572214542887
-212.07707249182906,-226.00728960616505
-230.13129523183636,-218.91479464221632
-207.5781855133642,-199.29996384007478
-227.8921033658044,-198.2033182125695
-191.44595149242573,-191.8514833252336
-188.26237372494725,-200.5306280876878
-180.1148701522683,-223.5344416004083
-215.6611834783951,-205.47887048821738
-221.83534453941343,-225.260010222607
-213.97062005925565,-193.98781303045237
-196.45482286316795,-182.58232426419497
-220.66583970995754,-212.32589272916726
-196.99472456027613,-225.86889325961954
-192.103840637441,-196.1667343343371
-242.49427876835728,-225.73737441207464
-200.0376626871984,-225.9927220314046
-181.91736363755425,-195.16834702782145
-179.17520599315552,-185.20196776043844
-175.8760700901418,-217.25474341700053
-188.51291091819152,-169.77292054388616
-204.6297958949945,-242.80599154465463
-244.31142475615673,-219.0663202531454
-205.15935465352834,-189.77844444486573
-187.02233602380758,-153.5226995469886
-195.64611116158432,-210.3160759875669
-215.5020825392463,-218.57095713777161
-198.32384654996233,-186.53751463605704
-229.26341987598323,-232.32902311714972
-219.2784426744342,-203.18131638781398
-199.96379670659041,-181.94339140504698
-186.87472413826134,-219.0141142979591
-188.24225768212548,-171.17080757854816
-153.49751954524578,-217.92543626008109
-175.7776034027468,-227.54007818053512
-190.09106133414156,-212.7887763436296
-197.01393752550825,-220.09440106625271
-189.31511670308674,-204.55341529678404
-198.60579681651194,-222.40404251083442
-191.6109570069027,-199.42358579088548
-218.1785431593321,-200.12549802207482
-206.75895474860695,-217.2257460689587
-204.57745391664469,-206.81926366484404
-191.75697699787207,-167.11452023743976
-184.67529401043507,-201.25913159318534
-186.34502192133144,-195.02668799649166
-145.43604971900484,-169.9605364931296
-187.4064104791327,-186.85665897217697
-200.06202157614587,-193.09558117867562
-168.429811671702,-181.75753626942918
-207.35288064999088,-208.08008156867206
-190.42240350945463,-195.00699490561206
-206.98968762080656,-242.28105213793327
-208.50069802295076,-219.32554561499856
-228.1868548672717,-198.98173232738108
-184.4713335860055,-231.76787714358517
-202.05615837548527,-175.24505268464105
-223.897588747067,-209.35116225015082
-198.49475745559798,-171.71013569642375
-203.7514292323438,-183.06615854819736
-217.10306479896605,-189.99304361336243
-244.4978017369856,-210.5695548424597
-171.6787468964776,-162.67202949943783
-198.27103944435075,-211.720260978785
-198.76173577515007,-189.1201423840916
-189.8849596673441,-209.69389722825332
-177.2093484733291,-198.96485666189034
-183.82034420849942,-176.36975660568274
-178.85791649653714,-197.30073561799327
-183.4076334432137,-198.48088692609383
-157.74787386139198,-182.1068686701628
-211.89507919913547,-170.73588779844164
-171.64931208256442,-227.5932970079772
-187.194972393615,-201.5698295746109
-217.15738255844167,-188.19973036488153
-207.00870507492854,-177.7794387647138
-175.07052328802519,-200.4506504066751
-197.67588827922685,-183.6917498306427
-168.8669126475101,-190.7557233430471
-210.7487855993023,-175.5169464633656
-174.78938001215573,-153.39158749364134
-201.27901286886814,-210.0133108207308
-184.50834917529676,-149.62094922386177
-176.95007895630917,-201.8817459316889
-190.35313239040872,-227.01299744044238
-207.6646828328628,-186.65301269792087
-196.67674072059307,-195.91567463808434
-158.12688935445374,-165.61695263490768
-171.8406283155555,-180.32616794114472
-178.35649088682723,-173.394690105511
-198.19292223325513,-217.91907570812447
-193.38333957389204,-203.61902800839334
-172.73827703848792,-197.6621261074044
-206.13803806465432,-185.30583163241255
-187.6905447403318,-213.15301663658005
-196.334877517711,-193.15762673291522
-193.83784165935165,-208.60926833183373
-172.02632633840582,-185.5879061061056
-185.4383171589891,-196.53660969130226
-186.72547324423124,-138.2834272350635
-197.82986970205266,-187.2261064360757
-192.99703216714192,-206.16266559834048
-170.18274009375583,-168.01260706755997
-202.0422126763872,-211.58131856715158
-182.23432533297063,-166.88744452197378
-212.3004177242075,-171.15819878305362
-200.38573918352844,-174.68222403456244
-152.202255374802,-169.54244521977668
-186.263046264836,-197.4708515531144
-174.77389503505412,-178.97283785998556
-173.11111698859116,-166.63552708742756
-203.78896759633147,-197.69622056958673
-169.09090450870826,-165.1181240685872
-172.05239454817564,-152.9620449739735
-196.97274355461718,-172.14463844387447
-200.1132217741781,-207.93936230016226
-197.32300200366763,-208.0919355514413
-183.82010731500222,-164.3867596466216
-184.01531680042297,-180.8817078141655
-208.1605143008005,-186.7025067213606
-198.4066811409537,-203.6109191302594
-193.85851762116158,-166.93353156066257
-190.782420116589,-186.12816441470252
-188.72456741757568,-173.85276223157783
-136.80735863244348,-161.86917569845997
-202.8639388734286,-168.3391600294687
-167.86576559502242,-176.1196215390426
-188.73688240262902,-211.7520254724421
-189.79593444130063,-170.73950069224009
-197.4044204202438,-170.75337352769031
-174.9791001263606,-183.5997753097721
-178.88291578251395,-207.8443456634045
-150.71687837184928,-196.29212749490253
-192.10288514261575,-136.9847871429501
-143.33050461632038,-165.52242968239312
-180.41215756967097,-201.74406746037923
-151.45722862299277,-174.31319904219413
-179.76891938040387,-186.19047464180937
-197.45044118527085,-176.6072957850227
-166.52348233564535,-152.09582216712084
-203.77673807976657,-178.16784701490428
-222.2354002929453,-193.30763912095128
-152.92829918955056,-184.80683658753432
-161.8441988306929,-188.94652948530992
-183.57959327156277,-177.77368558692834
-202.94226269088915,-212.3987163685048
-185.15201598476958,-148.07386908655823
-176.63601273461683,-185.88416349352167
-185.71976154967,-161.31947609987483
-177.8015467226025,-174.39541436849913
-153.98356312909175,-166.01888850446863
-201.70727118259808,-232.9312500511302
-186.10282466166376,-190.38387461097005
-157.74673326712954,-160.81278482857383
-169.06667571659136,-153.7017528998301
-164.4575485236423,-187.35232582893116
-181.69448452764271,-193.78244452791284
-174.83928950170377,-156.6134809320722
-180.03192866800805,-145.06288489798916
-213.2724173564522,-177.08757034594748
-190.44386250889218,-183.9745546511147
-159.02208494135675,-182.65371256493907
-186.11299345819876,-185.8917410111898
-169.62649578301765,-168.85038953752377
-174.28900919266678,-193.66598678952477
-149.3205363680226,-183.5575214741012
-179.6973499702529,-173.44977701105205
-153.54795464577836,-155.9150345212462
-170.4935202745599,-178.0355667604984
-150.58275957522008,-166.17138986439943
-199.4008071983005,-145.17774860435566
-176.33015907619233,-173.78679068629768
-226.52071233671884,-178.08666046671752
-176.83377778649415,-185.04301961999064
-150.2683071482698,-169.63274367738063
-137.3684478423079,-179.63500388683968
-195.0997181127096,-201.12641562466953
-163.86562854194943,-208.33388154080103
-200.17474633752838,-196.4982107901408
-147.5441774895626,-191.42756034337395
-168.5444652003417,-171.87772514861103
-181.43818375207476,-142.03164283294672
-154.83197577548378,-145.81118809798926
-154.78507011068587,-147.71247114609528
-182.0699132013623,-164.28666107993823
-206.6113251999393,-185.29554458785242
-179.3162633079021,-193.14295725316728
-196.4594828336044,-148.6381630629365
-167.1080022877909,-177.59898628205772
-152.6423845588395,-207.68200549533145
-168.39615217320988,-189.62895181161966
-160.84733255193694,-196.55223991799303
-157.00249164748988,-166.83076459045432
-184.69692211707732,-157.4408408000665
-166.25814536950426,-199.3182591676492
-203.56235159860893,-202.78818554334933
-164.84216321833966,-156.23706312304148
-180.49670559973694,-163.38715670343814
-169.48970937454988,-190.5411576637707
-197.0722267390292,-160.18580386242226
-211.07886859519851,-144.13455897187112
-168.50247819702184,-185.0847618120266
-173.3665228711109,-190.99547384076018
-171.701083238628,-186.44077121786
-169.68347449585906,-188.05462596296178
-202.20113056226234,-179.09174142209653
-177.17599160184858,-200.64297953383647
-169.59040901431018,-203.43160218397497
-195.86079814943514,-163.03170381098877
-145.71820788758183,-155.5735908034845
-173.77790233014414,-176.18598324929633
-182.68902504253575,-165.03086359509754
-159.25662041840783,-199.69055608841876
-164.83813309905707,-151.91837904243422
-168.81818606311307,-153.9220742026162
-193.4689653492938,-193.61930445516086
-186.13583295701525,-127.29983537228878
-167.49305533502059,-155.65147886064827
-174.36325931852548,-149.7109035263636
-156.659885924801,-182.30573571494494
-127.83976025495303,-145.04008619262547
-171.09572157177334,-177.2115192446674
-157.72947313954586,-151.7436871604878
-151.99989360194897,-197.71892705246722
-196.46125201479185,-141.40821344608582
-168.96087451190576,-124.65529990835681
-179.69116710702357,-144.83649504429368
-162.492137529359,-167.93735240995645
-144.46548508250427,-176.14325574755776
-195.8091889459731,-150.67713580389844
-144.22401140254846,-183.1931225412026
-155.06222112855795,-163.8676461817312
-152.45045821036646,-157.27462798809165
-164.66054407284767,-190.45184124785928
-182.93509398296675,-158.43798333879
-132.5370700759103,-141.34482407490526
-178.71174409138186,-184.99751443666892
-150.62069863299192,-181.32787848540468
-146.52911134854747,-154.48231021681093
-150.0378640949237,-141.03936873490233
-134.70273455358668,-169.68240997395824
-144.08964067599086,-170.28311292848002
-191.82003470431314,-158.57728381670162
-142.82535168526337,-146.8304774008928
-165.7657701168072,-178.0521119650036
-153.97839115042493,-185.9995125997299
-151.00930747966444,-181.9514706394976
-171.19059863604403,-171.58840229445588
-165.37332341768084,-160.40089422145283
-194.98534418266647,-150.05956164454247
-151.27927200182114,-153.8731879509244
-136.66702307573237,-188.25888333686598
-180.61630977538624,-157.72214818316306
-180.50305640359105,-142.67257574387926
-159.60012403363652,-192.3452516768241
-183.33229273490088,-165.81387004739193
-160.09566964642912,-167.548963136442
-195.01997812602164,-143.7459360615252
-141.43557185260087,-164.01822958908133
-177.80204036171503,-184.4029712068619
-178.74276122670554,-141.3786367483242
-165.29373112779754,-170.36043963893297
-156.7956917581525,-171.7267004418447
-147.30548890182942,-140.5499218070195
-136.563601358391,-160.13937491600558
-143.00665096968294,-187.30710763996598
-150.6571429153334,-176.89784210481434
-166.31574727426553,-124.31716058882644
-139.1398252518874,-160.44181035436492
-153.97857366556687,-150.35306805345024
-153.04122265393954,-148.94620457880276
-135.57353367400847,-146.04825264300385
-195.56638783949893,-159.4762565018878
-140.5845530011811,-117.19683828990283
-160.3345787709653,-138.05683097020503
-189.76281768904752,-150.8347211749169
-183.27157833584178,-142.65464903596228
-153.085615048357,-187.29211891034308
-140.22427860413862,-170.30355490168336
-154.51580477480087,-193.414837073685
-176.60454337808866,-168.32712644454682
-161.4009452114262,-133.32037981349453
-155.02412467414112,-190.01639374841744
-157.61146234818222,-184.74359527956838
-151.90604287390175,-178.13499861693086
-173.32734439532243,-157.5956936401008
-142.54257531931063,-164.6013529639598
-179.6559123413589,-178.51145761214113
-145.13763935406584,-183.01000588973955
-145.43648547920603,-168.22303781103972
-168.04457192866917,-135.53812286364354
-154.4540289584679,-144.93074170368877
-173.4836221042849,-155.93027452587418
-156.9497259599838,-166.5510553324007
-128.96068850785736,-170.69235921815113
-140.0327754640776,-144.90469724652203
-146.89493664018957,-164.55676758961704
-176.70735459393492,-182.62318544901336
-156.8621394302759,-168.0126258379909
-154.7354503915294,-133.2552523373548
-138.14188881822957,-179.2690277227898
-182.33760537500805,-171.50861911523958
-118.26349589470232,-138.26850879951976
-162.44532423334658,-147.2654180461936
-151.3823573206964,-161.74098670223336
-135.29239965260678,-147.02772379650503
-178.81798856569085,-189.1694516286987
-174.19652387217852,-133.08866782073602
-163.665116879357,-166.22506806955812
-193.70755822855745,-151.8236148217137
-175.4263992244263,-162.3595349796272
-149.64613435088847,-152.27351556728433
-183.15259725936414,-141.81709893784023
-178.2023252360303,-152.4542758993783
-158.62132901323386,-157.47763340310252
-130.7280367576635,-195.2663350293845
-175.74811172477854,-182.187738766681
-201.67756084064868,-137.23154905297878
-137.57568879823322,-156.41910737227101
-166.70724381295662,-127.52440474532465
-169.69421483250113,-151.1627169098344
-168.56858322527373,-166.38731678864812
-146.2702404093135,-153.84108218225072
-164.42407740027306,-151.01563543064424
-172.7842573896762,-134.18292335047627
-150.79022951949378,-152.14163964704625
-124.89116403553845,-132.852487623818
-161.29657388724385,-160.01238648861107
-126.27603379965963,-160.207123426695
-144.60865271533362,-140.76815259464547
-129.9032483592891,-134.5858845729114
-139.48375082704294,-156.5515878753258
-147.19537105161083,-153.15770832262953
-152.139631175169,-151.257931870433
-167.42294430475133,-152.89129238370626
-138.68265619744227,-147.04630377155613
-154.4840308431315,-149.65222492124005
-136.13672670905197,-171.97611670517605
-167.5953832398576,-112.7444334662302
-164.28745934831824,-182.98169422607654
-162.50745892816218,-169.89736478419007
-168.80574034273994,-125.43861150739808
-150.25855829396718,-149.89645051768466
-129.99879695066085,-154.89712052698326
-118.99649974289932,-154.2047251118846
-152.2984901260024,-139.82046413581108
-177.4865476430919,-121.88979974599933
-138.7407573580545,-167.40948508539716
-152.27759752090998,-156.80430001910167
-162.16734646776416,-132.60929783665992
-149.57224713516587,-163.34817634135206
-161.4541696702973,-154.39805932440504
-146.47733199224174,-175.7742507402853
-143.26919053250055,-140.43212251816774
-141.19446910215072,-159.43265402965872
-169.28420742266755,-165.08032386912623
-153.410304299931,-166.91716880448075
-171.50571264633845,-159.76423519058238
-161.93251725802781,-152.65977146913687
-123.61560986245809,-157.51485620566874
-172.06492515220748,-180.42573956412141
-158.92160630259886,-174.32764215609544
-147.07705784152446,-128.4357361473202
-143.89886051890056,-169.22545950799352
-177.7221172765471,-179.57001449584544
-151.92600186932978,-149.27832519408926
-143.0849257473455,-143.2407619529706
-168.4977729109527,-136.64542738343513
-114.51082295758751,-154.59088537375706
-155.33495362076766,-149.44555680992616
-144.61847133143044,-136.32211903215412
-141.19061879671713,-169.81025737255663
-151.12094331932963,-167.7402040860666
-148.637820728171,-162.54432044490216
-160.4982702867774,-162.57455493763902
-175.21490575022986,-146.95162140291842
-143.7563701560233,-147.27580565012735
-127.32435822445147,-142.6863856995889
-138.77079542717146,-157.99486533048284
-158.36710051093164,-145.76631488060684
-164.09824257475634,-142.9675211041541
-171.95172499631914,-175.03469485363945
-138.90835055868735,-148.61262573741703
-156.7732369937279,-152.89199709048927
-154.0832898012682,-191.8083526776568
-111.97596256390926,-130.3100566899219
-149.83723910604544,-163.9082663040512
-158.83122477177116,-190.08847707486262
-151.55458618042022,-177.90824545092056
-166.21856447738392,-153.5080577672865
-166.37163877475663,-137.52184501574934
-158.8709321947877,-159.44397753624256
-148.62566547353825,-156.21960619766472
-185.972878993033,-197.17566022675425
-155.266445506837,-155.07672562500554
-144.88893462414595,-156.32153759640008
-173.00909329149647,-181.11085411563957
-163.30891689836116,-115.66865038233604
-134.1856354923319,-171.73810339656134
-129.1970945564709,-143.9156909890771
-115.826854211091,-140.43698361676917
-157.77668455782413,-160.70846273701966
-162.14559070106813,-174.74079372666142
-129.42945900092585,-143.32987614413156
-150.22498687326393,-126.21858241332725
-128.64347278061757,-113.25802885139207
-137.78546461345732,-161.72627705566825
-176.4932108319882,-124.95953319070063
-142.66232145997188,-148.4219345202532
-160.56553411256786,-136.8023788491803
-161.57511308090147,-127.74419113521654
-159.88941460120188,-139.9848084967395
-155.6019277739628,-161.21421101113916
-118.19976295258934,-154.7393743223419
-164.72387531439333,-171.77415681855018
-134.73636662775144,-157.61929231106907
-148.07156249213512,-117.39095598532073
-165.15075171259545,-130.8932616748526
-160.71320335075825,-151.34377304784974
-136.68081685311012,-124.1050458081664
-156.25727117918186,-143.56557109612532
-149.86384830332233,-132.4067585051747
-160.80184118970138,-135.91314983922354
-137.53515256390443,-161.60282944461844
-146.2564156702877,-149.87972287982709
-144.7304326820544,-130.84412071125698
-146.34198550534495,-165.21381606772246
-150.46492355881577,-168.5257497433473
-185.9984325974366,-157.97816443523112
-165.4124565187371,-113.22406332549207
-143.5293730239704,-141.69467633778277
-156.70080114388298,-146.1950955134341
-149.46886626804988,-151.67927211450782
-162.2280855218917,-144.4068405837041
-158.86443081096147,-162.90690709647183
-120.37005601680663,-130.88861401429568
-145.07973894657033,-175.1458189681209
-123.28457062272295,-141.18213039569497
-165.43331967716057,-138.24741607070027
-131.22752939318679,-163.49787148839576
-141.75284555090974,-141.7120277182434
-142.80317301617634,-166.64050966526096
-172.8998184285505,-170.9268779726428
-104.25014024364265,-169.88173924706373
-149.93083843692915,-138.56560627319513
-132.72876260665365,-123.22105370175021
-161.9558545827877,-139.0718407160173
-165.64620714310016,-131.55447920998182
-196.4768864261364,-151.25984064798976
-157.7785529421555,-146.056816201073
-181.13980967386186,-142.1105476798076
-158.29880190080468,-149.4957036855548
-127.26890170482812,-183.2786517083474
-134.48822072082228,-146.57416906070324
-152.1037615492393,-160.00330637903454
-138.85897029843738,-171.5611505298131
-167.49720121741095,-162.86794148197413
-134.07060457185906,-160.23531049645786
-120.79241307790645,-130.66879774650482
-168.1176131564157,-152.54260908348564
-165.71873875138567,-126.15432127180624
-163.54972599853735,-114.91890867960696
-156.47356890051134,-158.55074828276818
-134.2674310730162,-141.1255018666342
-117.08864646102475,-150.67974212849046
-122.61006744802336,-132.41201500153414
-116.43781939577111,-124.06645264104124
-129.14003229697286,-162.65302611186155
-157.66887509384475,-132.17770495514173
-129.95814032133168,-155.5409887154294
-138.2079265796155,-137.08514061612343
-166.92519221823125,-173.71656553364807
-142.99502462588413,-145.20359711540613
-154.2234534860509,-118.51160254711836
-141.834943134649,-140.28244268243316
-154.62249413835002,-137.30489516849207
-149.06352535911586,-125.11260010906241
-103.61854940091759,-154.42391462554218
-147.70659743013357,-115.64680748598039
-137.34151107460997,-143.91781335642662
-150.13583606843122,-148.21261932603636
-132.68665847519483,-137.0484950143217
-129.80139102364413,-127.50486112100205
-129.78157463266575,-110.04071614587684
-136.3686144034642,-143.64211324924995
-133.61933440190182,-175.87082256724779
-146.12228181428026,-108.10116054412156
-140.60490827689472,-121.98139388338745
-169.5623780876334,-120.2735409320523
-142.67000438143293,-165.1191233532013
-124.88080169663503,-130.7304628271979
-114.90598057285348,-180.0573769433927
-122.74533852783331,-136.4032616935939
-147.65852293455075,-133.8626285436319
-141.7158990443731,-144.23098807450455
-135.04604261466673,-142.97919004037385
-136.38330631843326,-120.99936609805094
-121.8175212672389,-137.90014107276633
-134.3636526270796,-179.7827743737111
-132.6756174313503,-146.7416306934838
-143.07635524756853,-137.82238273448417
-140.9045728320909,-136.47435320779002
-116.61231668152104,-112.48705881946933
-129.925558151822,-113.67345502320693
-138.48260440636685,-171.81379745305185
-141.98716297678223,-140.561372595745
-126.58275075990773,-111.4088865976879
-125.51007561761178,-126.41454364820797
-121.69031347024237,-151.21033783770199
-156.30560019933984,-111.15929636783869
-131.39870088880838,-126.10508066463306
-118.85648251904587,-140.97954778553486
-158.00279448489923,-104.10936909828034
-141.67313928912844,-125.92944481115052
-163.94677771663353,-156.12700114118962
-146.25598823163193,-137.8785982736658
-126.40466607915882,-140.10959384284655
-104.51773190478792,-146.8161576096401
-144.30391941511365,-133.41517116125237
-142.13017683735333,-110.06913928166993
-135.32345050872684,-128.1934205617136
-153.76589214556023,-124.84812499207675
-136.37251551061328,-120.73239940226254
-133.7996175616917,-118.31841382480447
-123.18767235886807,-129.8015417032809
-143.85609081066448,-136.44077284427863
-132.73200269795367,-116.12862567053132
-116.87720130830834,-114.13987524390394
-136.56584690377755,-172.83745119365233
-142.12693057838462,-115.46092531829335
-135.89141453944538,-121.00205048736724
-159.4097507227408,-135.43229173676525
-137.82555485680123,-125.8374484428353
-145.18938738596165,-126.42945440976895
-132.58412100380926,-128.59104532157414
-100.58645318441104,-123.8121337562262
-120.81974976655117,-150.40416664222374
-146.18573332056653,-152.01377714782657
-128.25364800054012,-104.81354183020007
-112.71046157368794,-114.87325457521939
-107.32741526084533,-143.70703211868107
-98.61699079131215,-159.07633327348532
-140.06310695540014,-126.219454950296
-111.24200297507348,-104.23672110913397
-120.76123275606031,-132.87170175799102
-131.59949848313127,-156.29425664526752
-169.68794945901834,-125.05033723756438
-115.90474173375641,-159.22180391670756
-128.93092544634123,-114.85903991873076
-147.0412120204619,-143.07520830990478
-104.64785024523619,-132.18022010196557
-151.61177823357946,-112.11267852534274
-111.49088154300854,-119.71162818884962
-134.88888087664625,-154.30514496220934
-120.55454403626142,-138.7030004681286
-143.91345369764414,-132.50409008916924
-94.04967987443595,-144.57157469176101
-134.7144074249185,-108.2730696880709
-161.60771265171365,-103.81537294375008
-131.1766685903337,-160.5109753476033
-115.12632121982637,-124.13483160049438
-141.99235216686776,-139.6826941632298
-114.18168068705664,-156.5935864762962
-132.68581184775834,-147.55612260572298
-147.7853442549019,-152.76554909916788
-117.31130465002843,-143.39960176650666
-128.35771008146696,-158.05557826162183
-105.04937302192663,-102.37096289691446
-130.34026205234244,-147.92999500062112
-110.1902521513841,-136.40129915664292
-128.4022475574985,-160.54371820723762
-97.43834321244657,-118.94696504440043
-117.17801400404532,-122.73340278460378
-128.26527976104418,-104.29570753125721
-121.3754935556655,-131.64282300575502
-129.69159657701786,-136.86388556140855
-148.52283152945012,-150.99962782696676
-133.9137776119432,-142.1357094926983
-127.45050890720636,-123.86666288718766
-108.26529534462799,-132.6097073085415
-122.2978433397181,-130.30358536978574
-126.9239906476409,-122.04355055813915
-115.69948556895548,-107.24778019643136
-115.9433004499912,-140.7652620340613
-122.1152519880135,-122.25833044322948
-130.73911931930186,-122.97720660688098
-149.20039714213993,-125.24687395773931
-141.09329100468486,-134.8362529189844
-116.47319895184556,-136.060598446938
-143.6452608180277,-131.30006073200343
-137.3378741743489,-125.61761156638869
-114.11530687300404,-115.19196320627671
-105.69597673881441,-128.88531225001253
-127.77627783658254,-148.98520017980974
-130.624231022333,-138.71314522599565
-143.90107885068636,-124.9215696760493
-142.19973563763423,-136.1404328332719
-143.12717264058287,-129.60498930473256
-117.02314831785084,-125.87605847324821
-136.10319318422302,-133.23015466621231
-143.6848941094184,-144.89110765436516
-118.28262151244304,-130.92203592842077
-136.91510267958841,-161.7276058408729
-104.64633097131313,-105.67353288211048
-152.69411893088363,-116.62267688674513
-115.612358768178,-125.14171077339253
-138.78860859354808,-126.0172612359932
-133.02833946354892,-101.62735449249318
-140.57679032007408,-152.18876056472402
-121.91894493851805,-153.8670774337731
-147.5323474847323,-127.71797051674524
-162.03776276898785,-113.36587583591123
-131.25963104559347,-144.40437475272847
-136.45538222654014,-113.57659821929417
-152.05384368448708,-124.00111923533292
-144.43166478968647,-143.68407260530927
-119.29377193953313,-125.86321682288252
-121.58802812713868,-115.50407567510436
-144.13827212926395,-136.72776535176178
-125.21667345233438,-117.5188294042991
-124.4087481279745,-149.80776501885035
-161.28261473568426,-121.2254235020951
-154.32596192899143,-114.16596297308527
-142.7307372803646,-120.2938409320561
-136.25391529475667,-137.97112673725223
-126.65392724931729,-132.34394617883413
-138.14781355842948,-149.8174269930344
-170.54012393603543,-105.53838076162269
-117.32636775513834,-136.60431588230185
-111.37388284985316,-115.56975485823821
-139.395071108743,-128.91264809036358
-143.05253009428338,-140.80670388837777
-154.15567556443602,-145.60308705589085
-112.41341934991398,-123.56759265290131
-136.1803977359878,-94.90909081466368
-134.73262211215498,-153.8397128999156
-115.10921447731928,-133.97777664445158
-142.0206070879327,-114.72949686184897
-116.36952189589397,-130.9336715093758
-122.03827851696386,-117.95738859624501
-135.85272298436004,-145.4182089492101
-140.52559175960317,-126.58628514220133
-128.54481149339972,-108.87497022812383
-138.59246927921555,-148.05350341594828
-129.9989238252552,-140.56271110856343
-142.4618783774413,-137.1789939056846
-103.3774777520007,-115.01556603072625
-114.7962394329015,-129.52267731374602
-143.96375840162597,-121.40388645737022
-143.2405779229635,-122.14431342181227
-117.09140018620461,-115.9895922178045
-119.57221647700561,-121.41176276194369
-132.47965578579834,-105.6926508827815
-159.16813850804445,-125.76837071693902
-133.77148841025362,-133.14284186604408
-121.63040871080658,-142.906833104525
-128.23375610716613,-129.3058178687223
-128.85013977466775,-120.6003230169089
-134.59680106017177,-105.21515072625401
-126.84188167187781,-160.86684148361664
-87.21668789076851,-135.9185993939669
-136.69473484900763,-119.23011952621826
-127.32259621783054,-106.14931184590878
-139.2136748744644,-140.8437955077227
-133.72981256268343,-120.28993551984212
-120.46485177295634,-137.9951950650819
-128.06183862091493,-119.7993840211998
-134.72098421189338,-141.98424272304047
-103.70634842814157,-168.54406845365602
-119.73064001688927,-146.8108718399051
-106.78857912088641,-112.22791441365946
-129.0758850939263,-111.84752853439635
-103.71779077413929,-127.50823292084307
-153.46151817009954,-134.68288403709383
-138.35114628738776,-134.45548505351684
-142.4223941771886,-130.8975998261263
-133.90337616952198,-150.2137557565504
-128.37531403609725,-89.67466032674574
-100.48098593670467,-133.5170704057601
-106.03719760088096,-124.97016956351499
-132.3220009917368,-134.49292427477732
-114.9320430522309,-108.40827059784168
-119.30632558495174,-134.93119904139428
-119.20740389454417,-161.8145305690995
-175.8152172564044,-147.0124562811019
-106.14852876965598,-128.85247564895025
-152.6662653428212,-98.622400792243
-104.3588476319048,-146.30853110202943
-144.2279137048246,-117.63239162499795
-110.56414080572806,-144.93332636388578
-126.1182780316377,-143.67756564296545
-111.04929290086034,-111.75437360164568
-122.57072883918335,-123.9858504598139
-160.1638283668879,-131.19393465536146
-148.87369174923697,-139.41852766402042
-150.34927419552727,-105.41508199549108
-128.5441684680355,-105.67708841440201
-111.05586377645946,-157.46811057958908
-149.81480078050825,-101.59719919271959
-164.29505575725912,-125.01945661926771
-134.36470207795864,-118.95859462621695
-121.96448758395225,-128.12195146887277
-115.88163646639619,-140.9908834501663
-153.42639372711645,-139.60985460864936
-115.75976121796842,-129.89192753674195
-117.37439277972177,-111.0055298224804
-124.23858298845752,-112.56678392975391
-110.30390913590257,-123.03245035052858
-103.10575983666183,-115.18550447938094
-119.49387439102603,-119.65413549471265
-116.6854515141703,-129.95237297967188
-117.76438877151327,-102.90119972786268
-114.52326705780844,-105.94657606243227
-141.5265941992086,-98.6484996169126
-126.07065693696279,-113.86090271825363
-123.84025162432285,-118.59319704846241
-104.82754927181291,-134.77132939135902
-137.47830924266472,-134.58828857400047
-116.68084897946622,-129.6891611546312
-86.9133411654976,-117.7928636464735
-113.26489130584038,-115.81032150071745
-113.90948005374095,-114.93400663487635
-94.19475511458232,-141.95952751932788
-154.07901020968404,-121.85835548264089
-132.7207863185569,-123.22741950308617
-127.27360288538993,-112.49952572063326
-129.23565331370474,-118.82615327550238
-169.11944790762573,-147.65835919945738
-103.77753071307075,-112.30105623417245
-104.62390651672257,-111.22442058995442
-103.90139687799828,-114.4428444639744
-137.12021015271722,-110.12554241142728
-111.43415052416248,-144.21702626814258
-129.93448874778255,-111.6357222844225
-116.10094445740526,-124.94383342288701
-90.3279877678003,-105.32305017633351
-123.73894157507203,-126.42962738314614
-108.29114968025875,-119.99472302564344
-140.74371266910705,-125.85545497227078
-146.27737313058682,-126.26723874270823
-100.22465055464443,-124.23835975285931
-129.29919523433142,-129.04264744298297
-140.2635286471826,-124.8804652352995
-111.4548618599567,-128.17361822096674
-135.57675308552834,-158.15885620755472
-111.9313854988488,-111.38845417843288
-128.68974158108708,-138.81424553811192
-124.98457891427275,-130.09170002163208
-101.58706240967004,-125.33251641559845
-127.49584617211703,-144.80080381627903
-137.94543021748737,-133.05239348314794
-108.5357695489656,-138.23597269628678
-116.40791145755962,-127.7932731410299
-137.00576491968974,-90.94057211150708
-102.50917578847455,-115.14127484069517
-122.66140620797934,-143.04702476625616
-90.1906268997173,-136.7583329364165
-131.71429901221393,-135.10985625625023
-155.923068553744,-116.66741706251017
-118.15526026315219,-141.87045238907098
-116.37046581748515,-121.27582194936943
-98.26990858554281,-131.55977245850136
-122.89987316775489,-120.91421674387236
-145.01622972215878,-108.63758215218988
-123.77586866989853,-122.0734754559519
-117.63207658818281,-132.26722538114538
-101.7691042272303,-103.96380345923649
-115.60419802494768,-99.4575128297066
-116.50759185286108,-135.84547075855102
-112.5565239387448,-122.74624259369249
-113.08051140059524,-124.80967400151899
-117.50124444658935,-102.1244631194939
-100.60072485530237,-108.3969074080913
-93.61611234640385,-113.45475036917041
-144.6596901131297,-125.32449509615013
-131.93514672755344,-121.61248417429114
-124.6410540667893,-108.992610665937
-111.38658351076157,-136.60138000467157
-116.99987184613516,-146.27648135816045
-137.11431525184022,-108.99683983174023
-117.68278470134553,-106.08690009426343
-112.83489271398078,-105.89529274940386
-117.25528108692798,-105.86200867351359
-98.24532142723649,-119.04528765294259
-131.61028665752312,-125.89889731907512
-103.55379362794581,-109.47058138996786
-109.7361407581107,-129.79721277075652
-144.95195321686688,-132.35421425895598
-103.56000740979422,-115.79972941307143
-145.5040710528267,-92.88226631169593
-110.13254878210968,-133.34458141132248
-89.99708674845269,-113.48986402785715
-110.44123349808169,-121.50345903382149
-116.949220585651,-114.05553697812165
-102.06515779340194,-130.86940241380142
-111.1481245619313,-129.8595959458829
-119.05738866894285,-115.41358189065136
-123.8934861630345,-115.62535927330931
-84.32734314000686,-108.99780906721652
-118.80766384726806,-171.85270214865716
-124.91191360729678,-139.91229724265693
-120.7989226964885,-94.10840847106103
-109.77101113669727,-92.01392336912744
-125.91884579763368,-135.66365915602947
-93.50757736828449,-104.24186624832178
-143.16074963519367,-117.4227640548582
-142.3705562613974,-126.57315067609235
-119.49870393085116,-118.8708404003958
-128.9851635267253,-107.37017090090553
-128.38185953054793,-118.9834495188098
-104.67003208400259,-101.45473191948089
-118.55006164806278,-105.97007880500752
-137.00293531839975,-90.09113179306755
-108.03304510792364,-113.93839407578076
-93.60831663949563,-111.74085330239956
-100.52854398432859,-120.9113147798769
-89.24671452080757,-116.75778613677639
-114.53954775678342,-112.20385015908103
-105.716516830305,-135.5283767444914
-132.65836807962876,-118.48192940154989
-117.03137909016874,-108.99174719449226
-122.08608202847421,-121.28039895190214
-124.12630031811584,-115.78616685252864
-110.24205666899776,-110.30245060423233
-127.60526500348932,-123.68341145665033
-116.70821479671018,-116.36320474741865
-111.34131901419065,-136.67870170437453
-150.09566992434904,-121.4033309383023
-99.61065714207325,-120.65070839503636
-115.25797461716726,-108.73616156415883
-102.35641845271225,-98.22039278139204
-137.68987512363188,-86.77546680478613
-127.09026861329723,-108.0236707503464
-122.98608798546435,-122.53854214460345
-123.84433243429058,-117.94715871905598
-116.74130409837929,-136.55252872408516
-116.53460853787193,-108.9774456587322
-117.13929299923198,-115.85552264838313
-110.50898616610054,-114.3152067628874
-129.25185737627638,-117.40068933708052
-133.8400668077383,-114.75567324440232
-114.96683945522231,-101.38818901424646
-129.7073055942563,-141.39233050369046
-123.36245099775996,-115.7736858718146
-122.7353500662379,-116.52018194461382
-129.31004801876665,-106.6000776046106
-125.92578889438605,-96.5479574751699
-106.25983739295943,-93.56641059734623
-106.63308925318844,-90.7528004774569
-128.0545993763834,-111.87606525646461
-117.90720061561548,-103.90665713374966
-117.67568599633518,-123.62223947326028
-103.89143857927036,-120.79350405262171
-115.84793938801594,-110.82728586812092
-115.16811688803689,-125.70726390124739
-114.15179099167855,-118.63004506438378
-108.8425491465183,-104.82147683836641
-136.05942001296708,-106.02486917227344
-108.12844988098402,-120.28210195174582
-102.8012405397805,-101.611211092942
-109.11539671371695,-133.87234865696345
-90.24685089245774,-114.46428463593362
-118.40667168912368,-96.54657121006178
-141.32867230713128,-101.36448975171014
-124.7937391292365,-110.4486724267355
-95.65716651275692,-111.95117276642006
-103.87871072192287,-119.50979976885317
-104.15686768036264,-101.50394494579089
-111.67398461762025,-133.57193715600843
-102.44525122045738,-165.74533569379747
-136.46488576279492,-96.70167350383404
-132.43733477700528,-128.97514227764128
-106.0594406427435,-95.81543450524867
-106.5594632293204,-98.51927337737445
-147.17303954407086,-103.96334320116799
-111.21320961851374,-113.45217882735552
-108.21509794207135,-99.03744071232315
-125.68835396834476,-114.99346627395094
-119.61888943695473,-114.4998626843126
-106.42514792605023,-127.71507912085129
-122.01837191850615,-112.77837032298075
-122.77484345727656,-95.40806873168177
-102.99091022803222,-130.7762184961799
-121.06446347943849,-88.65076624372404
-113.264187942667,-135.69528563247732
-102.4095141119292,-134.98274147058612
-107.87144063118069,-115.06295975968683
-120.46964453458754,-125.63235585623983
-114.41542823722591,-115.62307128772214
-108.51261213545429,-82.8929226390049
-120.81362936870298,-135.82901685115743
-130.64366148404315,-127.72220384701376
-130.23209355893277,-129.2499393067275
-107.65499170494721,-127.75788441230436
-105.16145171020399,-119.30857845728724
-123.13625829134855,-102.31340242980838
-115.8796759481026,-133.14282415271663
-93.67699784088593,-113.59134317251142
-148.5367975221721,-111.2730994771272
-117.01272811134712,-135.07509107121774
-143.98109282787686,-118.12157574865964
-101.51075951980765,-99.19373704131779
-131.96593584996532,-127.68654959726595
-130.91519519877022,-127.65179456814163
-87.11281334999174,-87.40441658880607
-97.18159252070896,-115.16685942655971
-134.65324731656676,-100.80981491112631
-126.12777066992254,-76.49440470530337
-129.42815035542841,-92.02664289994472
-101.42739414745105,-126.19103416200521
-146.0614632671746,-96.64954047031887
-116.65838654839256,-101.72760665034791
-104.03419306734278,-111.92979732454972
-121.97273180770809,-92.24713761560221
-132.8204828317357,-109.2229992346628
-105.8334279517562,-104.15792178629557
-100.18095927375212,-106.22982981791834
-120.9677837443246,-117.70738476893214
-82.08879403724613,-125.38604419412528
-120.06897090628263,-108.96732703747068
-94.11267872744159,-107.29307185834867
-128.24395031054033,-119.52945187476128
-138.0878076254107,-91.72696797676441
-104.23828938896337,-119.23949888191156
-105.35490692971959,-125.83404145894609
-117.4829997121851,-94.43208411741824
-127.1872774882081,-139.25266677403297
-117.08606766763005,-130.93864645226557
-113.80961206874431,-131.96777699617735
-133.33509353586956,-121.42678760828879
-115.07035853111736,-99.08424857201179
-122.65335450624144,-124.36224284368926
-106.62377060626632,-87.37807055644629
-108.57486802379059,-101.63798612614525
-109.77413793760326,-112.66824483427565
-128.22603028968982,-110.7308236084688
-99.53006369032994,-95.43430861094197
-121.16843393669186,-133.17583045023633
-115.87924075330405,-129.48818956497658
-102.39317208597362,-100.46379897359566
-134.10757108210936,-109.0244678193978
-136.32961031647122,-124.09530566037297
-119.68986369519105,-121.85103466671148
-101.60312499585396,-129.1338016593745
-91.94978169949239,-132.90395885122055
-139.41829183334826,-110.92036510615343
-138.53517442033845,-123.26364693017194
-115.10125359222152,-150.20029907979477
-155.11952148137837,-135.75721933161623
-103.65563244990854,-118.17136808275674
-135.87720427174526,-117.47679921681521
-132.29645080471934,-132.93695192363066
-97.688222140306,-101.70765290059249
-161.5079207965618,-124.78504712846721
-119.14960659662941,-123.0758327650288
-128.53008958717194,-139.8205314978827
-160.36430565422563,-97.33549848509793
-112.13327327492472,-100.649364501327
-133.80960140761033,-144.95553576334768
-122.1070236805033,-109.139690045169
-136.92447416121212,-108.36417316251162
-131.72366249865587,-116.12119337380419
-89.49607499541305,-102.49393442058552
-112.84689127505713,-139.54027437798715
-172.23446423401222,-122.5252288190119
-140.9019428597145,-126.87597955247318
-89.04733275105805,-136.94407477361136
-124.0834903401839,-154.47271698204537
-124.96664774232066,-107.39337917522698
-104.96192664537813,-126.65712204978378
-135.33217071932322,-123.89685276807744
-111.84308677717013,-140.25648905201209
-115.16554501551015,-124.50255877737762
-115.03871461684172,-139.60819588701813
-139.18694154537422,-107.28641821511418
-118.75135071651981,-113.05813401503656
-108.74625990990677,-115.434692380064
-139.82674407369316,-94.4837521936734
-140.4469301485172,-91.35351301602083
-153.94252288885528,-107.88041197916685
-137.42214193829923,-103.46681061440161
-145.68271002656942,-139.79232904459136
-131.8479532060696,-140.43736708259976
-129.7443921053387,-99.79941484385351
-97.46400132170983,-148.95755284744672
-116.41222045583903,-87.7812774374647
-131.41561020300816,-105.52521585267506
-117.33818717280671,-104.95618785581546
-116.47952495275331,-131.92127103026903
-140.66414878236947,-100.89024745360402
-113.04747641151806,-137.54792961804864
-107.80135104132944,-117.38270280356706
-103.79652755736025,-131.56570831936358
-128.13378921446238,-109.4366009924918
-122.38301903987734,-137.37920373954606
-130.7576621799134,-102.80735641570496
-122.11173656092005,-145.77539546098438
-107.2112921543804,-101.42990719658243
-127.14533733257034,-118.70496864241713
-113.76561818683814,-138.35503897954914
-122.3724891604604,-112.33068337597277
-112.5306003916454,-139.3848292053339
-175.99417152107364,-122.05509406242851
-130.19921436344688,-91.77992358568089
-116.10983805497264,-136.477682274933
-115.7517348680484,-134.11094755181182
-99.74611319390428,-112.95575318591136
-106.6398486466049,-111.479703220648
-99.92623547965161,-122.6219904030274
-117.82150562389954,-122.71848289011977
-96.04180427398329,-115.5155960378697
-111.18526336994427,-112.96606799779457
-118.68929696474265,-102.27425880608553
-108.15179414535977,-104.65217883463103
-123.95092795747753,-126.29024417991498
-121.86755947485314,-117.84616383857264
-127.06606578960944,-119.48557773972513
-122.83005114565252,-130.16252253318922
-121.82983656479904,-112.64647907065967
-127.59102716032642,-105.13271058604849
-113.81710882153986,-138.6517360713414
-129.05454315890742,-104.68159824223656
-128.59595713481548,-152.95094661085844
-126.02231854700167,-112.78713976283161
-129.65786657259096,-130.80746554448586
-104.47807169417906,-125.06687449363545
-130.92612144416637,-127.20656412436257
-139.20317482149315,-106.24770101126
-98.39404492991852,-94.5488984991528
-107.24682080753462,-117.03922734144408
-108.7476394314428,-85.8887588489445
-119.23511821553974,-107.37484528473453
-111.64027009340396,-109.43732889292433
-93.61668049688552,-105.37578143526153
-100.21738100574576,-116.96584153687361
-104.01370022383979,-102.0248688423083
-135.28455853276415,-94.81505724243148
-116.9400395756594,-121.14355267128448
-149.84108569604908,-89.84772300354439
-117.06542903982304,-123.19551071692737
-117.03686176495447,-110.95588724477135
-134.6113773610701,-121.4288913114019
-127.13602657600997,-104.58560685881368
-126.52722584448608,-141.17465486657363
-104.99456361825168,-139.11654277124074
-117.32079110710478,-97.86243424576213
-127.63700585826298,-126.68411076941963
-128.34386107253297,-121.38401347782845
-121.1814527080443,-113.79277707082821
-108.0918557826971,-124.70407958182517
-112.07470390196126,-114.2524546725927
-140.69069105105035,-127.62300184285962
-120.72440708237946,-104.65938818089481
-125.72445130769238,-96.29395201485467
-112.08218145443585,-122.56089872968924
-119.00804548110807,-105.05999258445912
-104.9360919625753,-108.20290379511137
-137.51022159166058,-126.11658629456186
-131.67387232315693,-77.94503857798131
-117.41446021357814,-114.09558491921973
-117.69564670198531,-128.5037401079432
-127.49090272511624,-115.27101542565045
-160.25988148749576,-102.06106349576528
-108.46811183894064,-147.134526626039
-125.42334349952696,-114.05349317023158
-130.7474039138466,-110.62114145331871
-94.91558216583243,-99.28283089008
-133.1394127255224,-93.16134499566392
-114.9122883016906,-118.1669621250322
-106.32601595035217,-122.599030942979
-121.09636175239577,-110.83038232143551
-103.42894777657956,-117.77743123430443
-85.80056701058797,-119.70056010418244
-116.36292632711978,-102.01723796909467
-108.69048480793677,-138.1743326428835
-102.5157097776695,-94.56076303665189
-114.07948573766087,-123.71791498371199
-126.96875011627331,-82.79071155673213
-119.81024910366725,-111.91661580247226
-114.00319399984717,-97.7662260621879
-127.69901951608333,-131.96821794061674
-141.41861025652307,-126.87830715234632
-108.49112544575642,-134.51416886113904
-113.25990321442949,-99.22993431965803
-119.10365189309694,-138.06426645353488
-88.44235458944134,-116.4437326647051
-114.69497192692667,-122.70693965651003
-101.45582054439726,-132.43433804303157
-134.78259631081897,-119.71527108113087
-111.18226590616713,-135.8080035151872
-127.59249959322614,-103.50214067182569
-109.55939863120197,-123.11909623280441
-113.52998070570351,-106.02077113610818
-117.77676297992504,-113.38397689826468
-126.28723483247447,-115.23465401363968
-123.57415128078704,-120.89441888718581
-114.25410071413303,-111.494409731385
-83.84114034810858,-123.38825882360045
-123.10684889067852,-129.96288805984804
-121.26834406297932,-123.74926237894701
-120.35563952192781,-136.06402122572962
-124.12696631451995,-122.75414440216585
-131.25254355329494,-119.33428068277313
-114.66580340924165,-89.95158515447011
-111.03923075314576,-89.28153833635533
-141.1155797191847,-136.3769217109258
-160.72083475148276,-96.30749145233416
-138.27120060670063,-117.75146823701294
-117.79425605433892,-103.38001197428642
-118.86351532296766,-122.11938577828496
-139.63172415206736,-131.90000506561125
-96.45769371042262,-129.5695290026345
-120.07752288364902,-116.2558992395966
-110.86556955444583,-108.37602884076261
-84.79947054441507,-133.28462890620636
-114.13297359439474,-110.9493428879113
-108.4749072923231,-119.43697000579995
-118.02899957851677,-106.23551664769583
-124.1230595572983,-119.56740250807644
-102.42931728116544,-121.33021136726367
-119.64661330020606,-114.10687998040981
-97.38025822976235,-113.91180754353546
-110.01583162400931,-122.95244473065614
-131.83563313270966,-103.28614542184859
-95.96549074913446,-105.02686048245461
-111.59227595678387,-119.46057639809901
-129.82941523288437,-139.13552854003464
-128.06968919311436,-100.76486427839474
-106.27022860243262,-119.80021188067154
-135.2207519561155,-150.049178135701
-123.45030259618974,-135.6466882491144
-97.68091236808118,-131.53174716781598
-129.95207634904892,-97.26481969534174
-113.01038863337409,-126.7413591967647
-132.29954884721232,-99.35161717352086
-149.03042187000042,-94.04860968410512
-101.60801964809318,-111.71803127961849
-103.15876661155441,-124.32387045993622
-136.82438774400492,-131.99175373550554
-116.68399799886909,-107.5268584408488
-113.62061921126558,-121.43077753381544
-148.81427117129957,-86.12804111850173
-145.2546698267408,-105.94541823749908
-90.77392890031486,-133.04067418007995
-98.09822290612678,-95.37267226369364
-138.10646686112838,-120.02591176390732
-123.88148388464187,-111.5627530316477
-119.72480575532563,-124.200841146211
-120.93261387485666,-112.0531292027043
-120.74955981525825,-144.66673134549603
-129.85995658342895,-105.12495572096107
-103.36567244787503,-79.22703648028518
-106.98254155147582,-86.71180896003501
-118.46389685967168,-97.97292394634988
-145.37159615207312,-114.11996615869383
-127.38273833534761,-132.18396798341135
-118.37347810858479,-146.80222871959958
-93.52382241977942,-125.1938557743294
-98.71479590176284,-126.26652925156861
-104.9459879724549,-119.68452781157276
-104.24260909467246,-95.20966759008141
-110.96768531487602,-139.26574027932637
-119.651838082107,-101.10142678126161
-124.01338840275054,-110.04543678066102
-130.83652742808096,-133.13877565163102
-117.51124210255591,-100.67575581559552
-129.7502045495411,-120.7534700660057
-116.37271452919249,-106.82008018510231
-119.55178594922344,-104.6832013602829
-123.12791255359176,-129.29637156127828
-119.06745878390596,-130.3944802274198
-93.91566053431764,-120.08951791482862
-116.4064258267535,-87.65790469704302
-111.67654126997519,-121.05465681519156
-110.75047816252265,-95.8425750490748
-152.80918714917757,-126.67147292399277
-98.04031215461495,-128.62511495998635
-129.95675554763625,-113.65307260427868
-98.03231489600665,-103.97662357087623
-113.39590764641784,-120.27299733865243
-117.93865187965868,-129.62325717092847
-117.36307815621197,-113.54123180790421
-131.68648520642427,-117.75383889819813
-127.83138701623281,-109.6820890602089
-115.26426251183764,-130.85476832132508
-122.47212758264774,-104.41082616540821
-124.37891265352796,-120.35343328159274
-113.19014455357845,-130.4300013057772
-101.63591542002636,-104.34068531668945
-83.17349704640372,-142.14547575984233
-103.44847102260324,-117.32447278003274
-114.29487483811528,-113.7839203396136
-108.71527596894656,-98.58654820085464
-140.1428578115158,-117.13068647771662
-104.92982309737764,-123.68106912959347
-127.82490909207725,-140.38669769302052
-109.03860393061818,-135.20341258031263
-152.2155577914308,-101.10735056139072
-124.31996167676434,-117.60899570127559
-137.737964716897,-106.68323676795642
-96.28964794385789,-96.28945070344399
-103.93926677797494,-110.99210981249732
-109.95519264418698,-136.79441409800083
-125.00158975164516,-95.89412373980343
-110.61918311816541,-120.39906257461529
-101.22198445406148,-124.12571525749212
-113.63854344487181,-150.43228460834754
-129.40774978132313,-120.8818908865357
-123.61158537896459,-91.97580538693258
-126.8740256098832,-134.81446866936633
-110.80897976738464,-134.28631543061164
-97.83800630040206,-135.1505468545064
-130.30696591975794,-108.96612576149582
-120.13226910330917,-117.81637380307596
-135.92548980942178,-97.01302161767764
-136.7483912533984,-128.47727567676057
-102.45032531460491,-120.56917899957209
-125.60822399392302,-117.65789420863752
-115.4482105883374,-104.52136622479206
-117.91561618281285,-81.89035984218239
-124.90564308003077,-125.86811723833483
-135.15803666578137,-95.92737537211897
-134.94121848431746,-125.03182450257967
-102.84164872067477,-102.92291654218592
-110.64672268459536,-98.41075810284752
-129.5661133725125,-104.15945493565697
-110.57184877521311,-120.15130819423207
-107.65536854087541,-129.58724398683486
-124.91059844956001,-118.52413815544014
-115.8448655494162,-90.45333826149256
-126.77926145204009,-146.66962721081217
-122.33045731015778,-120.09262215673874
-120.14036694074524,-112.266587710305
-108.09567183327125,-102.8070064663971
-139.7294493441636,-117.01596426802163
-114.7126368616566,-90.34069637758097
-115.42039359818824,-109.49767175201188
-157.69739518682343,-119.19815005936663
-90.22043877072836,-106.87955897509268
-126.87078033846232,-118.51143646915878
-102.31571124769052,-134.55161131061374
-98.74509261630556,-118.53431093659479
-116.4101633628257,-121.39612717682368
-116.96568897918063,-120.00335404737599
-107.72927462957836,-123.21316431856152
-126.76793765890329,-94.25508031874706
-97.95790064038977,-147.83704604644495
-134.94294122901422,-98.90630219728294
-117.5557623093706,-107.18167284101825
-114.77052792660056,-118.07700292480142
-112.76107450549667,-97.61030349232712
-110.78270230212154,-134.22361677223319
-103.27503987869706,-148.63942398548232
-152.8425837863164,-137.63282226750542
-107.82907600916461,-103.84381871345656
-102.08308812063633,-93.71664051218193
-116.33853572390744,-128.7456095858841
-130.10190101057094,-126.88187266639181
-95.04509209858206,-135.4089469358676
-123.5051377252255,-108.8039098129963
-124.27149019865706,-126.00422756494639
-126.12309269458387,-122.93634668993391
-115.16874357814092,-118.97119377909726
-120.59230203089311,-85.59815895521417
-100.1859414311574,-121.76670430375825
-114.08930644212042,-124.88482896740025
-109.02305844384085,-128.0551950100533
-97.38118914904406,-113.39668116579628
-104.99265584102282,-95.99555117354356
-105.1991014345657,-89.4327339955161
-96.03563068666953,-104.98851328476267
-134.64011567459355,-125.57628723900253
-104.8817950237886,-103.46308780929478
-101.75732459021403,-118.38003970231057
-123.56181171271768,-117.83529180776877
-94.00478463429016,-130.1988504092068
-133.78440876311248,-114.31571666732313
-122.80614253918276,-95.61974084488325
-97.99406740120182,-101.16472660141477
-122.91148124553172,-138.15144497098618
-115.3509357987662,-126.0054687907402
-108.75587595242968,-116.41094375879558
-92.7369338467217,-133.1921192393889
-120.23776683461065,-109.98847209712899
-86.11755239795329,-104.03937799188319
-170.11605827811601,-123.70730242908515
-147.39278474887684,-137.96533623097216
-149.066504786857,-100.44559684703475
-115.64646382842025,-111.4378162272191
-97.35021623520599,-108.48392661800725
-117.86830998203038,-105.7835256902533
-123.68385693451438,-105.90660668947048
-74.0911326093956,-106.66197845857627
-127.0185684750883,-126.09516764098723
-126.39920680227354,-111.91275148818556
-123.67455684962665,-120.12279644747954
-115.88667430445639,-123.35289836199917
-126.18568187565678,-104.63971464790079
-120.0181857603913,-95.90682622287913
-98.0385606408659,-132.52179332288318
-123.22581465217112,-103.55892839321355
-136.49956435426324,-114.55974183450651
-113.56407047253647,-111.8657661689479
-119.49795966291664,-76.0001920286489
-101.17800324759139,-107.46148578029893
-124.01995990847101,-115.89447100344711
-105.70251365487167,-120.48779472435295
-152.35771591593226,-111.42513679598008
-113.48075698904371,-145.57541820160066
-85.86055999518688,-106.21170150461657
-107.81731288264702,-134.9987387954897
-131.45322874319663,-122.11133605062751
-134.64737733958245,-93.04787591341358
-144.43456000749543,-127.71249564547416
-126.45657580299026,-161.39429321060143
-129.07209337844728,-128.94969996789692
-109.8885646369555,-96.29658800397002
-115.57654591446257,-124.78746974564363
-126.21324669079003,-100.66737505702854
-116.16437495957177,-125.17719000450853
-124.46970546024048,-135.35109625289473
-123.43553563322934,-152.35732725712705
-115.57609608049043,-121.25340693198687
-110.3207712783737,-108.8475236779938
-120.30119487290109,-114.6972419083733
-132.71525209936448,-94.46943256684936
-120.81469968496188,-118.10612505954855
-127.7019910009496,-103.8589919895524
-116.35496878956961,-112.46560958843753
-92.67487649955928,-111.01680507784847
-116.27928386642408,-107.54986485566074
-119.67213979763102,-97.03866622206147
-108.16239494336261,-110.7215395112661
-103.13713239775998,-109.2954803446873
-121.45260807349165,-125.61334927509579
-114.36594739671737,-129.73019117891045
-116.76780365206002,-102.90440986435162
-119.25840872934168,-101.12701249079713
-157.63598295208524,-107.59624667030137
-126.1142720727228,-121.7422346814498
-112.28560606724535,-125.63336069167094
-124.31825051853536,-109.53959821831621
-105.66729212431282,-123.05521774686905
-130.76170270762594,-110.16445093731159
-97.94184257350383,-102.37561510356643
-95.67918574439437,-118.51279469609119
-118.11399797202405,-117.03638442788595
-68.17053285891471,-120.07085923011023
-95.36851801559568,-105.10026358028551
-87.66541013391058,-117.07508623771325
-74.6810982734926,-141.2380899581942
-94.94009562573365,-119.92914733521924
-142.82635349361385,-96.91836936306818
-128.78464400074512,-110.92306225977255
-101.09322147494206,-87.46072660278183
-104.62914686232224,-110.28475540086056
-108.1634334625054,-122.45623595026561
-124.06811995676748,-110.62074471972971
-126.2592875200815,-122.55455033096825
-78.50971015073992,-128.7845986695521
-115.65937746939797,-89.08811942396545
-104.76718331333282,-105.0805566192709
-82.30195069491145,-116.89688199629393
-103.32964616459314,-122.15686649159991
-105.94495850769911,-131.20585513928236
-130.84993652053146,-144.75050671567732
-116.52248407866155,-122.5795518204224
-121.18657252547578,-126.42820256677716
-110.06605257384228,-101.56903079635562
-122.15307407423005,-160.97702865030203
-110.93183877261716,-127.46828415566934
-137.62206876346332,-128.2390651197002
-106.9534125711629,-131.49901986802786
-114.37810549043279,-105.73520106590468
-144.76881690547702,-141.6376375207282
-130.02927104031272,-132.7998502532277
-95.6590550858956,-99.36705418448614
-145.95967475189858,-115.42036189687336
-105.95265873265124,-93.17142786038534
-98.61327287217186,-130.71449871778313
-124.9154240827562,-93.26925063486692
-121.64533434650596,-119.74993364779208
-113.37637498327338,-106.15956850027216
-107.62713986979391,-129.6890446286824
-121.4715079307359,-92.85230790652459
-151.22573006976842,-123.21088461790558
-100.25977578139528,-110.77292903341841
-101.57901035822134,-126.36783743326552
-110.66313165213327,-114.57365972572768
-126.88440810399096,-119.15806286328416
-108.91886965159593,-125.24638263438656
-107.32882235753742,-143.36053856943462
-107.84389870952822,-123.02809334392025
-80.83055283512269,-105.50324266871179
-123.33103076906517,-95.18147523099888
-113.91246996692279,-109.7112120428182
-137.1180281783798,-111.60714867564725
-113.83914667055532,-98.35741819241161
-96.2759764662872,-130.1260152572574
-122.97593993441794,-99.71121994869068
-148.27776433955998,-135.6075002424362
-147.6074915181767,-113.66072104278267
-127.18366403655104,-118.76374630269054
-132.63106687267873,-135.26426122814212
-102.46869999842104,-85.88640907076713
-122.8448386898292,-139.68495769484932
-124.47715099588815,-115.31365173630913
-106.00002900022345,-122.98451466617082
-130.03664234151006,-100.85141623343107
-122.71471370773831,-140.0582458820381
-116.49498274482313,-134.29516969239697
-135.2571660078646,-100.33273866494079
-105.27817265851942,-108.19090875535662
-113.74082009995001,-109.23993855728878
-124.3111665352585,-120.96876675259307
-119.76559457349025,-143.56199288871628
-139.52155059173344,-136.8184840124728
-124.39089046276139,-112.51122547567863
-101.72267350424515,-98.22344772610334
-105.43247173269727,-128.1187278902814
-107.97286753197858,-96.01668604523184
-127.63600726537547,-103.81666542024051
-135.66557754107797,-117.10172502050177
-153.26826003770339,-95.47240527495842
-113.55048403672349,-117.81732910607556
-141.01470679328708,-132.57717010385954
-133.56357384590305,-113.74318683650935
-121.29067475311182,-103.47606949852701
-104.56324870490248,-110.7313695808931
-159.74364366664142,-83.33296435335035
-82.5809144437131,-121.40418773247569
-123.49870866911918,-161.8234170981933
-120.30319494823786,-136.54535192955544
-116.1419257533192,-108.0132927375184
-125.80383197208765,-125.9530803631588
-163.007115325808,-122.53950416318324
-126.10191482263994,-97.92900301706052
-129.11924698575655,-112.92516532631596
-101.27652319460199,-101.28192507379484
-141.2098195635967,-125.59294320471359
-142.79601140725012,-125.8967314326595
-108.24224661510503,-115.4426482033352
-103.57282509657806,-101.41357256580018
-135.70092335807365,-114.26984403601706
-127.89100336857119,-100.40812601879824
-133.40551372331151,-88.29223992246187
-121.33509681129894,-130.82957499155566
-114.12853137569067,-114.99757664606112
-178.03503572838449,-109.46125693960064
-117.08642264196175,-109.91714540521156
-154.94990627259267,-137.37338435197898
-116.30761928392278,-116.03344570942826
-134.35491562943926,-102.68521998566784
-139.42192670124288,-166.01601164673207
-118.36549764007589,-102.48425329065965
-132.45013850916243,-105.69246780816808
-104.78629820977841,-114.99119583532158
-111.16824196373193,-121.95005147464144
-133.28339418185664,-109.313385692558
-83.48081945692324,-139.26569370861316
-109.66137303499993,-111.97543522564561
-118.41145398743795,-127.04632590736931
-88.38509978170069,-124.68049948055997
-121.82418201744389,-139.23704519783982
-101.60038219273277,-107.25660952154121
-119.69473879095801,-121.04206077379236
-113.30966814946363,-109.61817989459865
-135.0609897010232,-117.97856085002715
-134.4296063728635,-112.29759247684265
-127.60039555076649,-141.1157572718291
-117.31234151547433,-107.04649764733195
-133.76123339451516,-116.53425989418885
-119.91202249921005,-102.91543806199842
-108.9843957971605,-106.81425133957066
-109.2121072592899,-140.21937337226578
-107.73378078665232,-110.07765388387793
-113.03310113010033,-130.23383438172593
-121.99696132499295,-113.60011560104441
-127.85983806441855,-122.15250207953723
-95.80316299703284,-107.5501055870666
-131.54956725131638,-127.4721101741271
-125.4402556909632,-114.5850500141995
-104.89440142227426,-110.22317541362887
-105.96995184193443,-133.56732996757273
-134.33380480337536,-134.22870307570219
-132.1617657013272,-119.30330154553215
-107.90250326235704,-121.01574198371326
-105.84784542666505,-98.24986685680753
-116.61138286235817,-118.04759445571906
-134.33969714069184,-142.39309397044053
-109.37694107825456,-115.993399767908
-141.34011856209287,-148.53197133939992
-110.73999880769749,-121.5166645578818
-116.01723690244773,-125.8043853273816
-139.4518184816013,-109.42780538471983
-106.76705011043799,-120.08756390078422
-103.44513614997206,-129.08274909119876
-125.54785314552709,-109.7210929556725
-121.95360751217684,-110.47626626856179
-108.97169106510177,-94.69005123163771
-106.45149787765905,-146.50335363168836
-113.40616005646027,-126.17718801619739
-90.7732107349629,-115.95059014353534
-166.9061114559664,-125.011016034102
-137.58699430055603,-112.27966997513384
-132.43825555640086,-99.24639742849781
-121.73776546387658,-120.32540651230697
-163.8140163398649,-119.53602613424816
-151.49290605964106,-120.37056446662538
-116.49750685186609,-126.69895660442185
-116.43967857076291,-137.40653372929623
-111.2338881457331,-106.13059212983603
-126.93936808304868,-125.23416034131023
-114.04988989949534,-122.97781312949444
-96.22743552494809,-118.46545348054109
-141.5759877593049,-156.02426600978012
-108.3746068739968,-109.69894739033433
-106.16075834805591,-132.5760513692124
-132.9147623800593,-95.21306503964374
-119.82439269338055,-124.1742013676971
-105.51375734828994,-133.1696870687295
-109.38620495732003,-124.13661952985886
-103.21587523255144,-103.63813059418072
-124.41675307901644,-121.40344518275162
-97.87113976073108,-120.65712986952484
-116.86756903825064,-117.4359959399643
-109.89110712083013,-103.46873842287107
-150.38371184613942,-96.55165339446633
-114.75729147412639,-97.91879501012316
-121.39765178351014,-117.22271642131986
-105.35920371830683,-104.29555670942862
-119.53122723403128,-115.16798730223024
-121.98623699542857,-125.66374079949836
-118.69530523501473,-125.33775448543909
-124.50120652220727,-107.34387855697186
-111.33820770048018,-96.06654270902014
-105.89812904612714,-129.69060474977934
-97.38212321275486,-133.75019332785303
-94.23226182117922,-132.00254581768
-118.5978192839388,-122.86978445962902
-103.9078108401615,-100.11847633459367
-111.9213974324415,-119.14910393684838
-117.4507662673819,-122.22644053713248
-99.49486229346927,-126.13586995591429
-130.2398059722096,-133.93072069245454
-133.1277245077398,-127.37203808744586
-148.8679109827354,-118.81261512453692
-112.66533648844425,-130.8926454433986
-116.69863575468553,-147.77391512909367
-110.96239212403619,-127.0071659661826
-105.67361985335835,-114.51580809911772
-127.37438194092609,-138.04507313729655
-138.64006572520253,-134.1013952717796
-108.03816988236221,-130.34212331525876
-104.29036908902029,-107.96718738123937
-82.78845866535912,-87.78398502763149
-122.60426201628667,-106.50008827989349
-140.6371829473392,-109.42933812706603
-107.79778974418002,-106.06360114453382
-113.90384680578342,-135.1852128356822
-95.2901691339247,-127.05184134426584
-132.0209440883215,-95.6163939287698
-109.37721009343804,-109.60212554712102
-91.88541666887883,-109.10036463749442
-101.34314702870631,-106.95884774927671
-117.33975902141621,-112.07578957479005
-113.58082612704172,-106.11806263026419
-97.96681034268107,-108.64927090054601
-161.1199832489653,-102.79077644958727
-145.31572301608634,-134.180406135736
-133.40679449535935,-104.56970261649069
-132.87165407843816,-93.61326430930714
-115.09683388332525,-105.01350264671073
-127.69094483356707,-157.94308809838836
-140.08999085724415,-130.4670436121274
-116.85980361700966,-98.69715419429542
-117.09306966880762,-134.59073501807512
-100.62310970788576,-129.63063526141468
-136.38644026478875,-85.28634261704114
-113.00424738645845,-99.87228359653963
-121.549893274299,-138.88171870465388
-148.06170636726,-110.21120067167301
-115.90632788713137,-93.19089654219368
-127.83354159429342,-113.38094028486067
-108.82641417937711,-110.28381120213842
-122.75796650884719,-117.87633068185279
-105.61032332232679,-146.88890576369784
-117.36951196155714,-97.7875534206233
-104.2262547022963,-119.20721648203136
-103.20540023373093,-116.55931864636379
-119.04988918466893,-111.27809966840518
-108.08835499645114,-96.4741469498611
-152.3191672790547,-116.15529462058817
-101.18333563306231,-111.10691843801229
-133.5894908314608,-122.44060391551777
-153.69754705188336,-117.69550512493288
-85.30864286310369,-107.72265073988243
-100.88238270560021,-131.58912503262033
-110.55891225675444,-117.35291096089314
-100.62383854178468,-105.70268966659101
-150.39994842662801,-100.84160615104521
-121.03611254219277,-130.11112715362182
-108.16273362342075,-91.64069650404262
-137.56558612732434,-126.68206041328415
-90.64548755668424,-137.70914337055552
-138.17137021398835,-112.85579956137906
-82.24971328485393,-129.15769417349597
-120.53860312348814,-143.09905584871422
-126.29490172884712,-112.66284008966925
-98.7510781170875,-112.01298257008237
-116.3608961444256,-145.38277753666267
-105.58401017413279,-101.2354579107039
-127.38917232416316,-125.81376238331084
-107.76679578101934,-107.29639863348359
-133.95879338386766,-101.1402185993612
-108.34012418709428,-176.11885109307653
-106.69375687256063,-110.28251794983929
-131.1418161101626,-91.70507790381154
-109.36391531721027,-146.7212234660162
-126.3464120448953,-128.75809575081024
-127.70797337370183,-102.49378608299583
-119.23037588896621,-131.17997352035417
-152.99712483734888,-111.84451525205124
-102.2052620384706,-119.15349076535773
-100.14525412310581,-93.97155360148655
-165.95676193105285,-127.08210307897538
-112.29839830135819,-101.17135576733862
-123.58026461133586,-80.99426652106129
-108.68733045145208,-125.36302209955142
-109.68078942237898,-148.31350334740247
-116.39047356666846,-152.64459371086002
-123.35737971217755,-93.12752673493155
-119.09593696083984,-112.55640501135369
-106.32289594308314,-100.43847886166333
-144.7500730900297,-145.90480346490455
-118.07368650118401,-121.3922709742642
-125.09403886257884,-150.92304976899285
-114.8958823801441,-106.02121927680655
-133.25604766709247,-98.04078422544261
-106.30047409003808,-134.17490394078118
-124.33204819039925,-135.22758598054236
-133.8281423610778,-95.27803716134105
-118.37241676987198,-99.7423951173591
-80.092510541047,-146.9858842382989
-133.35050100588336,-133.30177481743027
-123.0566631876674,-86.11722110027624
-103.39163353834229,-120.51502340718838
-107.76000660418217,-124.99428426994005
-105.53426008823554,-157.1615692978646
-119.71204300103938,-94.39099272676208
-123.48484312482137,-108.7270937632748
-134.60864245420663,-127.63191809735473
-104.86660871656146,-111.32581945475833
-169.03086960269823,-100.89244037809858
-117.89655813516657,-102.08639046355357
-98.87938094764971,-135.07222763951845
-146.56618370268512,-96.92348563556932
-120.78232188263176,-109.56784469683573
-104.06492993106504,-115.07148519541335
-102.34655917272548,-125.48388473658649
-113.38916578223917,-111.48126866409866
-130.78373905264797,-90.32778178814188
-98.28593451334967,-104.88384719964898
-121.28277385796876,-139.49840931189402
-106.73020269705408,-155.80577334551418
-108.08505958347405,-121.19695035214878
-120.32812192766605,-99.59019018322023
-134.68426421524498,-114.40052189438586
-120.29017385633247,-90.66406571836822
-119.23314569199236,-96.94871702602693
-124.50840582194608,-119.33606428138657
-104.70469459454242,-124.3078721823116
-128.86188155027128,-148.82417793726046
-128.3530769503751,-117.00639230148792
-132.11350021159794,-104.12348115251592
-124.86189627916146,-124.62302957752448
-125.39183847589489,-106.03902731919233
-129.67613306321286,-130.59019447838583
-109.56069286193689,-89.45041543473397
-148.32767517382536,-120.4216068213649
-140.54974721925078,-127.39243811828976
-108.53669030510014,-131.25786592437782
-117.8324718726955,-109.94807970430487
-96.04039639257616,-112.81142370531705
-103.0966572306741,-139.31424947350413
-112.40755896526326,-114.29350237746758
-117.80954596530185,-113.87215325964861
-139.9314982823664,-104.21685242725577
-109.98298917159859,-107.1150898345675
-131.32936697560586,-118.39930974891199
-84.92337718592094,-116.33542030299188
-158.31694809094415,-118.00978293597957
-129.0105823565786,-120.21326787315876
-123.02126249253638,-126.40967981594568
-149.5695217392075,-119.45028301053809
-114.00495807327394,-119.63198717771816
-105.82592335208963,-144.2097113074522
-187.4046242302723,-99.59838624136793
-112.52697868527167,-180.63440988292734
-120.13645983344004,-128.96769180302803
-133.36622956800466,-142.05061482147002
-107.6359456513791,-129.54832003641218
-108.59531877381762,-112.14279748265882
-115.17370936646866,-108.97890354486793
-115.27873461372693,-120.06545653798138
-96.95995844342606,-139.68900392671205
-96.52175849461722,-129.35534087929332
-107.70686134153041,-112.26275504373068
-106.05834721666757,-167.33962477359162
-124.27395976916834,-119.35207966882304
-120.50346371436035,-114.01934421175932
-118.11924133841397,-145.51405761112724
-105.22905717680855,-103.36819276595571
-134.2585057467704,-125.99858687316504
-154.20308220366545,-120.05308537616577
-99.3254843138506,-123.32518446211012
-149.24924183749204,-93.78425880181152
-122.3982609027367,-132.3312753821057
-135.34209599367568,-142.73109467299327
-98.86919080681155,-143.726121997672
-120.48928866904984,-117.87995737805606
-102.82776592400776,-101.2536004838683
-90.91864735592303,-127.13082776082422
-101.82474061843187,-105.45357749900245
-106.78652626804875,-108.00421396603879
-92.02807995115325,-124.25683277970455
-124.12107011749077,-136.69140066886496
-120.88341295698415,-144.65000795854033
-89.08284584053112,-145.2114177024477
-86.75073490290896,-122.47830785375656
-125.29961675373626,-106.31543825485174
-116.5600534445163,-106.13784254947124
-130.90623807285573,-122.13195656378618
-125.92655189359513,-110.02792503038462
-81.58475547796675,-117.49699459826219
-100.58220799403682,-116.46982172698769
-110.27868594428341,-114.81695571579324
-121.56558188314405,-124.63286902574993
-121.80642625345483,-106.52224173993906
-117.17223422001746,-95.34204675325866
-135.949748062539,-116.34415199496827
-95.40126308768711,-111.5908186833979
-140.51732722232967,-108.9215121653028
-120.15375255448106,-124.07994821056313
-109.39269091537011,-126.6419082229886
-84.99535537439385,-100.36791792044924
-134.46252160642746,-117.0317566577107
-102.59295129808561,-122.37589750430533
-94.70301059337052,-135.25147238105137
-130.19901853438512,-158.72981030123364
-116.73882641409108,-139.84837649380523
-129.10581113157934,-118.81667012878152
-105.45067542817382,-124.19808316949052
-111.63215009058393,-85.27690286647014
-118.35906250336487,-113.57578018781959
-121.93630922107143,-135.79614369134518
-140.94425706991245,-141.49991060820966
-120.95155428333324,-127.91235200348703
-114.46295881908524,-164.4723210695961
-101.39925188377201,-136.27385667017867
-147.0505728151445,-152.80551173833246
-112.23202108290609,-86.21331296981845
-117.6691284392629,-140.93716047009795
-135.8725836633361,-117.84064459755055
-115.47011866206837,-111.94847046327853
-131.30736406413217,-124.01402960930054
-118.99756081259682,-120.5821451919786
-122.77444386881962,-98.80518082865234
-130.6618091469522,-130.7325018068618
-113.18419386956514,-137.67014046327554
-106.79667364581441,-126.17932942167332
-128.31712980278175,-130.7593730573127
-99.20351505700455,-104.90000434448936
-121.84372089334497,-96.9244740309621
-105.42519537834987,-98.24687076066475
-112.47733013498598,-146.3437980884068
-145.35143932614156,-108.15842243146125
-160.40370451516517,-105.9536645165603
-80.28493558912986,-108.21068367610435
-115.59303440597515,-123.83034965498027
-125.34233502568867,-116.21290877209793
-134.26567499689244,-122.50261338695042
-103.16177126277285,-136.22631958597512
-127.40698799143755,-129.55836411991515
-114.10740034301075,-147.10318220119274
-108.0213134331212,-123.87394997909288
-140.3126773139547,-128.30000309823885
-127.84618104011307,-124.11225145240167
-99.36384613755412,-97.17963646360164
-140.03925043557683,-104.9460655583258
-119.88584723565617,-130.8935808208899
-115.16072566692438,-124.28727245998579
-132.9001340845581,-100.40984660086613
-83.37438684062445,-108.96841057597695
-127.16874495626126,-119.72353770766776
-106.78723716803326,-118.74493794893782
-111.95332368365663,-127.03262475541422
-127.17167921026814,-110.46918169788756
-102.21937199537429,-113.11878159316167
-114.20276734058699,-160.0250459978719
-108.57995899601593,-114.64356039664807
-152.7447832496169,-118.50114449249362
-121.05161278316324,-126.75225876495031
-153.18251082826617,-102.51646506536818
-100.86657207889147,-105.44907877462572
-127.12835042747135,-94.97056160517381
-144.58983916674904,-107.24024221247798
-145.35555669616534,-148.37782076782213
-121.4336581698356,-161.4262528568071
-152.09474527506597,-119.80772291445314
-142.4091434956869,-93.21146651204785
-111.99331815524532,-87.99702180580965
-129.00985503754268,-116.19294678347944
-144.67085097308993,-127.51808657349228
-138.99739825369636,-130.26000585028996
-130.52937506632745,-124.08220840673773
-113.51572298612217,-98.86464388427068
-147.3802823737378,-121.83612151101495
-97.43363803074664,-112.26558877195828
-102.85033146626401,-116.39784769153482
-95.11130499742369,-121.44226626700696
-132.270676010033,-122.159644488981
-103.62885341868153,-130.6957441270487
-104.19615294373938,-108.36200142109686
-131.62383242867932,-143.25855845722728
-100.89717723116621,-109.76443338177523
-138.16921356841704,-155.78371495813346
-104.8479306695678,-109.48210500232966
-120.9176617908288,-152.14179995660552
-105.62770605394407,-135.57954136596157
-100.63373419727449,-113.09985638840168
-106.33281173686782,-108.92007566462853
-133.36661092547882,-125.87785549608924
-143.3863985029348,-114.11213676398641
-145.60634537422044,-130.44605289925374
-138.12161947233622,-115.85278913551244
-112.6853304978969,-102.42395370675158
-111.18011560787687,-89.16911467166791
-136.8932142599952,-90.86742233047035
-90.60546278027294,-114.78012205464225
-102.42486601923721,-121.20761148438001
-116.1109613044939,-140.70200915623943
-159.85903592934082,-130.93799472351603
-112.95135693375015,-93.94829485034312
-150.61926500186527,-123.95979834847299
-118.42791742177324,-123.66855863492415
-103.48863891858198,-108.57591406312292
-123.58353859012965,-113.65882031916999
-127.67829730014718,-105.65246861854936
-107.2823759396361,-118.3833422224075
-115.58934388565628,-116.60597955596573
-121.33983279213872,-116.55546450351086
